claim_id,customer_id,age,gender,incident_cause,days_to_incident,claim_area,police_report,claim_type,claim_amount,total_policy_claims,fraudulent
53522022,30308357,27,Female,Other driver error,4,Auto,No,Material only,3369.5,1,Yes
22890252,19269962,47,Male,Crime,2335,Auto,No,Material only,2680,1,No
24050443,21831191,36,Male,Other driver error,2116,Auto,No,Injury only,38306.5,3,Yes
12878692,18401412,73,Male,Driver error,4196,Auto,No,Material only,1730,4,No
27026412,73486606,55,Male,Natural causes,622,Auto,No,Material only,1160,3,No
43908336,32813689,67,Male,Crime,3386,Auto,Unknown,Material only,2620,1,No
63246959,33507197,54,Female,Crime,2922,Auto,No,Material only,2748.5,2,Yes
74165873,99103685,44,Female,Other driver error,1099,Home,No,Material only,1495,1,Yes
28564401,51583214,63,Male,Other driver error,9211,Auto,Unknown,Material and injury,16690,1,No
72738047,35875366,78,Male,Other driver error,14991,Auto,Unknown,Material only,1870,1,No
53780662,21240703,26,Male,Other driver error,1203,Auto,Unknown,Material only,1050,1,No
35489765,63240241,25,Male,Natural causes,8,Auto,No,Material only,2870,1,No
12548447,1407979,28,Male,Driver error,5,Auto,Unknown,Material only,3208.5,1,Yes
7809917,63916778,55,Male,Other causes,5444,Auto,No,Injury only,17800,1,No
17910612,90012444,62,Male,Other driver error,2060,Auto,No,Material only,1010,1,No
46956597,10665308,34,Male,Natural causes,911,Auto,No,Material only,2170,1,No
8782253,1924109,41,Male,Driver error,4,Auto,No,Material only,1690,1,No
71088680,32155446,70,Male,Driver error,2513,Auto,No,Material and injury,32640,4,No
54764639,35876516,62,Male,Driver error,2199,Auto,No,Material only,2870,1,No
18210740,80379865,66,Male,Natural causes,3154,Auto,No,Injury only,18580,3,No
22215431,64899302,22,Male,Other driver error,349,Auto,No,Material only,2630,1,No
10738822,11278282,35,Male,Natural causes,1410,Auto,No,Material only,2540,1,No
7800059,90425966,42,Male,Driver error,1678,Auto,No,Material only,2320,1,No
16773361,70459181,38,Female,Other driver error,2778,Auto,No,Material only,2725.5,1,Yes
99427250,91546921,76,Male,Crime,4843,Home,No,Material only,2070,1,No
70399158,26489135,70,Male,Driver error,1859,Auto,No,Material only,1110,1,No
5481268,76422302,73,Male,Crime,1475,Home,No,Material only,1030,1,No
13167216,27205554,40,Male,Driver error,441,Auto,No,Injury only,16910,1,No
13578273,34790013,49,Male,Other driver error,1431,Auto,Yes,Material and injury,33040,5,No
22639991,53333796,46,Male,Other causes,5460,Auto,Yes,Material and injury,25320,1,No
73894966,28307541,36,Male,Driver error,420,Auto,No,Material only,2340,1,No
3673097,54642094,79,Male,Driver error,5075,Auto,No,Injury only,19960,1,No
58245818,47091036,64,Male,Driver error,3801,Home,No,Injury only,27230,1,No
83744906,48277275,44,Male,Other driver error,4191,Auto,No,Material and injury,16150,1,No
14836805,75252854,39,Male,Other driver error,191,Auto,Yes,Injury only,32630,1,No
28636278,31012778,65,Female,Other causes,1196,Auto,No,Material only,2530,5,Yes
96749077,84571128,41,Female,Natural causes,955,Auto,No,Material only,2702.5,1,Yes
39647651,18361978,73,Female,Other causes,4770,Auto,Unknown,Material and injury,25576,7,Yes
25108581,91786228,38,Female,Other driver error,546,Auto,No,Material only,1150,1,Yes
54192772,61051505,45,Male,Other driver error,532,Auto,Unknown,Material and injury,35765,1,Yes
47783756,8132649,18,Male,Other driver error,3,Auto,No,Material only,2470,1,No
14730852,49428676,72,Female,Other causes,6447,Auto,No,Material and injury,20999,1,Yes
37727681,77436411,38,Female,Other driver error,2144,Auto,Unknown,Material only,3358,4,Yes
87229793,44319192,37,Male,Other causes,2750,Auto,Yes,Material and injury,41430,1,No
73138939,57510487,69,Male,Driver error,5146,Auto,No,Material only,1730,1,No
23504103,62797342,42,Male,Other driver error,1487,Auto,Unknown,Material and injury,20360,1,No
21972507,83088652,21,Male,Driver error,198,Auto,Unknown,Material only,2910,1,No
95352573,9089663,37,Male,Other driver error,2930,Auto,No,Material and injury,33190,1,No
43973221,83290720,75,Male,Driver error,5708,Auto,Yes,Material and injury,28250,1,No
37305754,99761663,29,Female,Natural causes,801,Auto,No,Material only,1242,1,Yes
20332975,51936868,75,Male,Natural causes,4889,Auto,No,Material only,2120,1,No
69101899,35907845,66,Male,Crime,10163,Auto,Unknown,Material and injury,19520,1,No
85585944,9908654,45,Male,Other driver error,2468,Auto,No,Material only,1989.5,1,Yes
35407789,47228798,28,Male,Crime,1045,Auto,Unknown,Material only,2196.5,1,Yes
50337100,15036122,54,Male,Other driver error,2620,Auto,Unknown,Injury only,30080,1,No
1886311,59046302,33,Male,Driver error,1737,Auto,No,Material only,1680,6,No
84635473,74058124,71,Male,Driver error,5435,Auto,Unknown,Injury only,21505,1,Yes
99210077,95221640,45,Male,Crime,1470,Auto,No,Material only,2040,1,No
57876931,5956033,50,Female,Other driver error,4003,Auto,No,Material and injury,31855,1,Yes
11951632,91462331,32,Male,Driver error,7,Auto,Unknown,Material and injury,42722.5,1,Yes
61170397,7946799,40,Female,Other causes,4081,Auto,Unknown,Material and injury,34971.5,5,Yes
66546485,83884401,56,Male,Driver error,1544,Auto,No,Material only,1288,1,Yes
87452238,88191021,64,Male,Driver error,2603,Auto,Yes,Material only,2760,1,No
39128289,72896975,33,Male,Other driver error,389,Auto,Unknown,Material and injury,32480,1,No
64573390,85650096,49,Male,Crime,7447,Auto,No,Material only,2710,1,No
2181243,51349085,59,Male,Crime,2572,Auto,No,Material only,2620,2,No
51685791,90202451,36,Male,Other driver error,2456,Auto,No,Material only,1943.5,1,Yes
1633198,55180831,69,Male,Other driver error,2847,Auto,No,Material and injury,19150,1,No
76552623,56590042,54,Male,Other causes,1600,Auto,No,Injury only,31498.5,4,Yes
64731876,43870673,40,Male,Other causes,2293,Auto,Unknown,Material only,1700,1,No
95376481,84734050,36,Male,Crime,2363,Auto,Unknown,Material only,2220,1,No
712628,74125758,40,Male,Other causes,1897,Auto,Unknown,Injury only,22960,1,No
82144259,92752865,72,Male,Driver error,2855,Auto,No,Injury only,29070,1,No
23721504,33987747,23,Male,Driver error,202,Auto,No,Material and injury,37524.5,1,Yes
43899763,37312925,75,Male,Driver error,8260,Auto,Yes,Injury only,16070,1,No
34488157,32561536,44,Male,Natural causes,891,Auto,No,Material and injury,24564,1,Yes
79953107,73456835,39,Female,Other driver error,685,Auto,No,Material only,2599,1,Yes
33038715,31901720,56,Male,Crime,1517,Auto,No,Material only,1510,1,No
84863978,90116906,78,Male,Driver error,3268,Auto,No,Injury only,23270,6,No
48203523,82832313,51,Male,Other driver error,1798,Auto,Yes,Injury only,29060,1,No
73460630,87993949,77,Male,Other causes,3,Auto,Unknown,Injury only,25783,2,Yes
65335959,61810954,30,Male,Other driver error,7,Auto,Unknown,Material and injury,36620,1,No
39131766,39587790,68,Male,Other causes,3310,Auto,No,Material only,2967,1,Yes
9961723,14293434,19,Female,Other driver error,4,Home,No,Material and injury,44493.5,1,Yes
8405500,46620413,67,Male,Other causes,4551,Auto,Unknown,Material only,3070.5,1,Yes
7316148,15556454,33,Male,Crime,2156,Auto,No,Material only,2070,1,No
35026470,61497833,61,Male,Other driver error,4342,Auto,No,Material only,1759.5,4,Yes
57560277,92889077,51,Female,Natural causes,2893,Home,No,Material only,1771,5,Yes
54506772,93291407,41,Male,Other driver error,821,Auto,Unknown,Material only,1368.5,1,Yes
11618238,96710523,36,Male,Other causes,102,Home,Yes,Injury only,19240,1,No
30488859,48145469,25,Male,Other causes,1027,Auto,Unknown,Material only,1860,1,No
52959888,25709472,24,Male,Other driver error,251,Auto,Unknown,Injury only,15440,1,No
4112041,58402401,36,Male,Other causes,406,Auto,Unknown,Material and injury,32710,1,No
1657284,41265642,52,Male,Crime,72,Auto,No,Material only,2852,1,Yes
72074471,73383008,29,Female,Other driver error,619,Auto,Unknown,Injury only,44700.5,1,Yes
44581152,86993944,36,Male,Other driver error,4828,Auto,Unknown,Injury only,26480,1,No
32116508,65728108,56,Male,Other causes,3509,Auto,Unknown,Material and injury,47610,3,Yes
48559754,45539668,72,Male,Other driver error,4914,Auto,No,Material only,2170,1,No
26716331,3159546,66,Male,Other driver error,3259,Auto,No,Injury only,17590,4,No
74738945,88449349,31,Male,Other causes,712,Auto,No,Material only,1080,1,No
67042203,65950591,48,Male,Driver error,3404,Auto,No,Material only,2970,1,No
66578763,2327487,36,Male,Driver error,3094,Auto,No,Material only,2040,5,No
30930636,30722342,32,Male,Driver error,748,Home,Yes,Injury only,17180,5,No
30119116,31289360,27,Male,Other driver error,426,Auto,No,Material only,2720,1,No
45189268,24826170,79,Male,Driver error,1793,Auto,No,Material only,2700,1,No
5567470,14860484,44,Male,Other causes,3210,Auto,Unknown,Injury only,14240,4,No
50617945,76965994,44,Male,Crime,2268,Auto,No,Material only,1260,1,No
33643946,88277241,24,Male,Other causes,4,Auto,Unknown,Injury only,17664,1,Yes
71464126,87386746,72,Male,Other causes,4515,Auto,No,Material only,2260,1,No
8499165,55593844,43,Female,Other causes,2576,Auto,No,Material only,1253.5,1,Yes
65264955,72556809,73,Male,Other causes,3936,Auto,Yes,Material and injury,32300,2,No
66703144,45653187,28,Male,Natural causes,203,Home,No,Material only,1660,1,No
75262517,68724425,54,Male,Natural causes,4124,Auto,No,Material only,2150,3,No
7883163,50817031,44,Male,Crime,3934,Auto,Unknown,Material only,2460,1,No
88126193,16836323,49,Male,Crime,6550,Auto,No,Material only,1140,4,No
90714815,32180678,27,Male,Other causes,1147,Auto,Unknown,Material and injury,16040,4,No
25647821,74155265,74,Male,Natural causes,10789,Auto,No,Material only,2080,1,No
56330110,26168099,57,Male,Natural causes,449,Auto,No,Injury only,38590,3,No
18636027,25823839,64,Male,Driver error,2791,Auto,Unknown,Injury only,36180,1,No
18700750,86024944,39,Female,Other driver error,714,Auto,Unknown,Material and injury,47679,2,Yes
19132019,14275512,38,Male,Driver error,491,Auto,Unknown,Injury only,28060,1,No
21550521,68772500,67,Male,Driver error,10991,Auto,Unknown,Material only,2320,1,No
69348631,154557,33,Female,Driver error,3,Auto,No,Injury only,23241.5,1,Yes
86624774,97640137,71,Male,Driver error,6117,Auto,Unknown,Injury only,29600,1,No
2040094,49270602,73,Male,Other causes,5728,Auto,No,Material only,1790,1,No
17871003,98905793,28,Female,Other driver error,402,Auto,Unknown,Material only,3139.5,3,Yes
90504501,39495715,18,Male,Driver error,7,Auto,No,Material only,2470,1,No
2322078,51503228,33,Male,Driver error,875,Auto,Unknown,Injury only,14330,3,No
91841652,16811546,40,Male,Crime,181,Auto,Unknown,Injury only,37200,1,No
91210035,48447568,38,Male,Driver error,2987,Auto,No,Material and injury,15920,1,No
19333178,16102401,27,Male,Driver error,491,Home,Yes,Material only,2710,1,No
84933468,40922910,71,Male,Other driver error,3456,Auto,No,Material only,1180,4,No
61672806,43293983,41,Female,Other causes,2135,Auto,No,Material only,3059,1,Yes
43722644,36395486,57,Male,Other causes,1921,Home,No,Material only,3335,3,Yes
24499353,32850276,44,Male,Natural causes,3325,Home,No,Material only,1580,1,No
70086627,94041088,52,Male,Natural causes,3273,Home,Unknown,Material only,2645,1,Yes
97233183,90718924,31,Male,Other causes,66,Home,No,Material and injury,27560,1,No
3883874,16868327,34,Male,Driver error,1995,Auto,No,Material only,1400,1,No
93075008,90102508,75,Male,Natural causes,7206,Auto,No,Material only,1280,1,No
46968995,40744509,54,Male,Other causes,5000,Auto,No,Material and injury,34770,4,No
23840141,51460517,43,Male,Other causes,2156,Auto,Unknown,Material only,1391.5,1,Yes
81849361,97698815,62,Male,Natural causes,1821,Auto,Unknown,Material only,1860,1,No
19639145,28920170,40,Male,Crime,1447,Auto,No,Material and injury,41365.5,1,Yes
93818470,69956308,20,Female,Natural causes,6,Auto,Yes,Material only,3312,4,Yes
6795457,47226965,22,Male,Driver error,272,Auto,No,Material only,2600,4,No
98203403,83534717,55,Male,Natural causes,1157,Auto,No,Material only,1680,1,No
35620656,7829022,61,Male,Driver error,4945,Auto,No,Material only,2320,1,No
67394855,94267140,77,Male,Other driver error,11957,Auto,No,Material only,1590,1,No
15859475,5637733,37,Male,Crime,3778,Auto,Unknown,Material only,2170,1,No
7238381,684748,27,Male,Other driver error,41,Auto,No,Material only,2920,2,No
27131115,65047878,37,Female,Natural causes,662,Auto,Unknown,Material only,1679,4,Yes
63175077,84614509,41,Male,Driver error,1925,Home,Unknown,Injury only,18308,1,Yes
29078722,68712439,65,Male,Other driver error,3727,Home,No,Material only,1600,1,No
62679663,88785895,74,Male,Driver error,1450,Auto,Unknown,Material and injury,39307,1,Yes
59259291,1852176,41,Male,Driver error,2229,Auto,Unknown,Material only,1510,1,No
46356995,30743608,25,Male,Other causes,660,Auto,No,Material only,2714,1,Yes
44524224,50530333,29,Male,Crime,6,Auto,Unknown,Material only,2415,3,Yes
5854580,55375167,76,Male,Crime,5620,Home,Unknown,Material only,1403,3,Yes
24230132,37692329,31,Male,Driver error,1051,Auto,No,Material and injury,34300,1,No
25246596,67722830,36,Male,Driver error,210,Auto,No,Material only,1529.5,3,Yes
31574986,11321295,24,Male,Driver error,318,Auto,No,Material only,2460,2,No
99444302,51782731,42,Male,Other driver error,3159,Home,Unknown,Material only,2790,1,No
75651365,76395629,55,Male,Other causes,2147,Auto,No,Material only,1210,1,No
18499217,20960664,21,Female,Natural causes,26,Auto,Yes,Injury only,19676.5,1,Yes
56848907,79683883,19,Male,Other driver error,7,Auto,No,Material and injury,27266.5,1,Yes
2741337,52361935,35,Male,Natural causes,2485,Auto,Yes,Material only,2840,1,No
2913034,25911554,43,Female,Natural causes,226,Auto,No,Material only,1322.5,3,Yes
95114913,17242900,36,Male,Crime,2490,Auto,No,Material only,2440,1,No
34621474,54094880,29,Male,Other driver error,358,Auto,No,Material only,1529.5,1,Yes
52223434,59809467,49,Female,Other driver error,2258,Auto,Unknown,Material only,2863.5,4,Yes
93028492,62204138,19,Female,Driver error,5,Auto,Unknown,Material only,2691,1,Yes
76384782,93993324,27,Male,Driver error,975,Auto,No,Material only,3128,1,Yes
79219792,84995304,34,Female,Other driver error,426,Home,Unknown,Material only,3036,1,Yes
25014071,70955654,52,Female,Crime,2294,Home,No,Material only,1173,1,Yes
45535504,23236713,45,Male,Driver error,5933,Auto,Yes,Injury only,29960,1,No
80169462,76501371,21,Male,Driver error,260,Auto,Unknown,Material only,1970,1,No
42474249,56554262,63,Male,Other causes,1107,Auto,No,Material only,2090,1,No
99775483,93915431,30,Male,Other causes,34,Auto,No,Material and injury,42124.5,1,Yes
83960449,31544049,24,Male,Driver error,175,Auto,Unknown,Material only,1817,1,Yes
66563034,68615086,35,Male,Driver error,471,Auto,No,Material and injury,17670,1,No
95437929,55535045,76,Male,Driver error,8549,Auto,No,Material only,1110,1,No
94981713,17988592,25,Male,Other causes,675,Auto,No,Material and injury,32407,1,Yes
59593960,4883962,40,Male,Driver error,1312,Auto,Yes,Material only,1460,1,No
4367748,33812279,38,Male,Other causes,3099,Auto,Yes,Injury only,41779.5,1,Yes
96241162,81854173,49,Male,Other driver error,1710,Auto,Unknown,Material only,1850,1,No
26104084,29478976,46,Male,Crime,1968,Auto,No,Material only,1160,1,No
68533229,53900680,54,Male,Other causes,2207,Home,Yes,Material and injury,33900,2,No
10080081,82637319,58,Male,Other causes,3170,Auto,Unknown,Material only,1184.5,1,Yes
6515806,69546065,47,Male,Crime,2158,Auto,Unknown,Material only,2104.5,1,Yes
2581621,18213216,43,Male,Other causes,614,Auto,Unknown,Material and injury,21942,2,Yes
25688619,98204394,19,Male,Driver error,8,Home,Unknown,Material only,1550,6,No
43680480,63413368,63,Male,Driver error,6119,Auto,No,Material only,1740,2,No
82224237,88205075,54,Male,Other causes,4670,Auto,Unknown,Injury only,16460,1,No
52339239,40728123,20,Male,Other causes,5,Auto,No,Material only,2590,1,No
9476314,65176092,26,Male,Other causes,431,Auto,No,Material and injury,37290,3,No
56133273,84229777,67,Female,Natural causes,10652,Auto,No,Material only,3128,1,Yes
71517851,36994344,48,Male,Natural causes,2695,Auto,No,Material only,2280,1,No
29519925,68043300,36,Male,Other driver error,8,Auto,Unknown,Material only,2656.5,1,Yes
2980099,28901669,37,Female,Crime,2154,Auto,Yes,Injury only,35178.5,1,Yes
87230026,79637467,21,Male,Other causes,245,Auto,Yes,Injury only,16700,1,No
9588683,36632227,52,Female,Other driver error,1396,Auto,Unknown,Material only,2886.5,1,Yes
3329988,2651069,57,Male,Other driver error,1788,Auto,No,Material only,1932,1,Yes
96723243,67268108,62,Male,Other driver error,227,Auto,Yes,Material and injury,41280,2,No
14024069,53907868,51,Male,Other causes,1452,Auto,Unknown,Material and injury,26620,1,No
74762827,86246733,70,Male,Driver error,3877,Auto,Unknown,Material and injury,26520,2,No
45953414,33210182,48,Male,Crime,1332,Auto,Yes,Material only,2020,1,No
76523655,95452498,41,Female,Other causes,896,Auto,No,Material only,2219.5,1,Yes
70512964,22756942,74,Male,Driver error,10188,Auto,Yes,Injury only,20310,1,No
89056979,63915259,45,Male,Other causes,2977,Home,Yes,Material and injury,18530,1,No
94690483,6723724,25,Female,Natural causes,447,Auto,Unknown,Material only,1679,1,Yes
84029944,51719336,43,Female,Other causes,2509,Home,Unknown,Material only,2070,1,Yes
40350951,55105629,41,Male,Natural causes,344,Auto,No,Material only,1860,1,No
49550521,81131066,54,Male,Other causes,6862,Auto,No,Material only,1920,2,No
3465669,51382348,60,Male,Natural causes,4227,Home,No,Injury only,39928,1,Yes
79446773,18842829,73,Male,Driver error,7381,Auto,No,Material only,2450,1,No
172149,98180346,46,Male,Other causes,688,Auto,No,Material only,2810,1,No
52442756,53013094,46,Male,Natural causes,2975,Auto,Unknown,Material only,2580,1,No
79612644,25263633,76,Male,Other causes,6638,Auto,No,Material only,2470,2,No
61900903,16444738,55,Female,Other causes,2972,Auto,No,Material only,1207.5,1,Yes
15605014,64231993,62,Male,Natural causes,5113,Home,No,Material and injury,29690,1,No
81628285,89530919,59,Male,Driver error,5221,Auto,No,Material only,2450,1,No
35866339,47593642,66,Male,Crime,4932,Auto,Unknown,Material only,1750,1,No
41063309,51613894,53,Male,Other causes,463,Home,Unknown,Material and injury,16960,1,No
69278867,49078798,40,Male,Natural causes,1430,Auto,No,Material only,1350,1,No
49821811,17822772,79,Male,Driver error,2704,Auto,Unknown,Injury only,33200,1,No
34596802,94643289,28,Male,Driver error,69,Auto,No,Material and injury,45287,1,Yes
3366766,47535244,18,Female,Natural causes,5,Auto,No,Material only,2530,1,Yes
32084957,92171044,78,Male,Driver error,12117,Auto,No,Material only,2277,1,Yes
18497939,24112592,21,Male,Other driver error,26,Auto,No,Material only,2130,1,No
31272774,88484857,54,Male,Other causes,4595,Auto,No,Material only,1900,3,No
62487859,89965541,32,Male,Driver error,1660,Auto,No,Material only,2810,1,No
1374365,96431710,19,Female,Crime,8,Auto,No,Material and injury,24713.5,1,Yes
3311108,49481916,67,Female,Other causes,3890,Auto,No,Material only,3151,2,Yes
28520503,10956208,58,Male,Natural causes,5116,Auto,No,Material only,1210,1,No
76387481,43059280,66,Male,Natural causes,1633,Home,Yes,Material and injury,38970,1,No
92399694,92971195,48,Male,Other driver error,4046,Home,No,Material only,1140,1,No
49171996,97578924,67,Male,Other causes,268,Home,No,Material only,2360,1,No
27931854,36812323,38,Male,Other driver error,4089,Auto,Yes,Material and injury,14170,1,No
70068,4669941,25,Male,Driver error,8,Auto,Unknown,Injury only,29900,1,Yes
38907463,49499709,74,Male,Driver error,2878,Auto,No,Material only,2130,2,No
18696192,72734097,45,Male,Driver error,6450,Auto,Yes,Material and injury,34590,1,No
6794881,42345842,18,Female,Other causes,5,Auto,Unknown,Material only,1150,1,Yes
26044648,54103924,39,Male,Driver error,2022,Auto,Unknown,Material and injury,23370,3,No
11113092,57896241,79,Male,Driver error,10351,Auto,Unknown,Material and injury,30420,1,No
71246528,48227009,49,Male,Natural causes,1264,Auto,No,Material only,1570,1,No
94242984,69065193,39,Female,Other driver error,9,Auto,Unknown,Material and injury,36075.5,4,Yes
47371265,38047917,20,Male,Driver error,5,Auto,Yes,Injury only,22440,1,No
18736499,73611258,56,Male,Other driver error,4496,Auto,No,Injury only,21620,1,No
6683382,25166037,68,Male,Other driver error,11092,Home,Unknown,Injury only,24610,1,No
50906515,1123356,67,Female,Crime,4789,Auto,No,Material only,2507,5,Yes
71712774,97162684,51,Male,Other causes,392,Auto,Unknown,Material and injury,20769,1,Yes
7575702,56985179,20,Male,Driver error,75,Auto,No,Material only,2967,4,Yes
75954321,79953263,66,Male,Other causes,5409,Auto,Yes,Injury only,32680,1,No
50921792,15557396,29,Male,Other causes,442,Auto,Yes,Material and injury,20570,3,No
21915563,95002919,56,Male,Natural causes,5057,Home,No,Material and injury,31110,1,No
75623323,7612094,26,Male,Natural causes,1077,Auto,No,Material only,2771.5,1,Yes
24709692,69010101,41,Female,Natural causes,2894,Auto,Unknown,Material only,3427,1,Yes
26773102,1223055,46,Male,Natural causes,238,Auto,Yes,Injury only,33490,3,No
92714664,9884792,22,Male,Driver error,255,Auto,Unknown,Injury only,29630,1,No
26836009,59716520,78,Male,Other causes,3464,Home,No,Material only,1020,1,No
9075822,25164999,69,Female,Other driver error,6677,Auto,No,Material only,1909,1,Yes
75847149,11472207,54,Male,Natural causes,2772,Auto,Unknown,Material and injury,44367,1,Yes
1624094,97856694,27,Female,Natural causes,289,Auto,Unknown,Material only,2392,1,Yes
13132889,86818440,24,Male,Other causes,6,Auto,Unknown,Material and injury,31901,1,Yes
22577147,66433138,21,Male,Driver error,130,Auto,No,Material and injury,21447.5,2,Yes
7292900,58957713,39,Female,Other causes,4325,Auto,No,Material only,2806,1,Yes
76290659,4798021,22,Male,Other driver error,7,Auto,No,Material only,1170,1,No
84441293,83441797,58,Male,Other driver error,3047,Auto,No,Material only,1630,2,No
12379231,30154531,55,Male,Other causes,5551,Auto,No,Material only,3013,1,Yes
30272514,12112711,23,Female,Other driver error,3,Auto,No,Material only,1276.5,1,Yes
59321838,77930023,38,Male,Driver error,230,Auto,No,Material only,3013,1,Yes
72555621,58934617,22,Male,Other causes,94,Auto,Yes,Injury only,27002,3,Yes
83266482,41182960,40,Male,Other causes,3255,Home,No,Material only,2060,1,No
88595857,64488618,26,Male,Driver error,713,Auto,Yes,Material only,1630,1,No
76745084,59793026,67,Male,Other driver error,272,Auto,Yes,Material and injury,40210,1,No
16468239,86621072,23,Female,Other causes,6,Auto,No,Material only,1173,1,Yes
72815943,93871952,40,Male,Other driver error,1555,Auto,Yes,Material and injury,16880,3,No
99281527,32464636,49,Female,Driver error,2468,Auto,No,Material only,2323,1,Yes
40759519,29130403,73,Male,Driver error,4220,Auto,No,Material only,2012.5,1,Yes
93285588,56016139,50,Male,Natural causes,2358,Auto,Unknown,Material only,2219.5,1,Yes
88210615,20028241,79,Male,Driver error,3662,Auto,No,Material only,2940,1,No
84019240,98341654,24,Male,Crime,401,Auto,Unknown,Material only,2370,1,No
21491548,44643917,46,Male,Other driver error,5542,Auto,Yes,Material and injury,41320,5,No
45568058,76185878,51,Male,Driver error,5732,Auto,No,Material only,3231.5,1,Yes
61678713,84736739,79,Male,Other driver error,74,Auto,Yes,Material and injury,35800,1,No
37251197,15635627,64,Male,Other causes,7209,Auto,Yes,Material only,1630,1,No
63446024,83080037,65,Male,Driver error,5781,Auto,Unknown,Injury only,17250,1,No
61885878,74017955,73,Male,Driver error,11108,Auto,Unknown,Material only,2090,1,No
59248480,33372791,40,Male,Other causes,3205,Auto,No,Material only,2430,1,No
11123788,48874104,54,Male,Natural causes,5998,Auto,No,Material only,1700,1,No
45511318,61822144,68,Male,Driver error,6046,Auto,Unknown,Material only,1460,1,No
23742797,95418320,65,Male,Driver error,5039,Auto,No,Material only,2820,1,No
75363718,48960366,68,Male,Driver error,7883,Auto,No,Material and injury,31450,1,No
15267466,80701300,49,Female,Other causes,4008,Auto,Yes,Material only,1150,2,Yes
38645590,13275896,62,Male,Natural causes,11527,Auto,No,Material and injury,23450,1,No
27334507,62816998,55,Male,Other driver error,3576,Auto,No,Injury only,13710,2,No
85427127,85700566,42,Male,Other causes,4947,Auto,Unknown,Material and injury,16100,1,No
9552601,81138909,59,Male,Other causes,5333,Auto,Unknown,Material only,2580,1,No
39605405,75471235,49,Male,Natural causes,3147,Auto,No,Material and injury,40540,1,No
5425811,37365245,53,Male,Natural causes,4279,Auto,No,Material only,1500,2,No
91660260,30886292,44,Male,Other driver error,5624,Auto,Unknown,Material only,2950,1,No
30877914,20094340,49,Male,Natural causes,4761,Auto,No,Material only,1060,1,No
18428326,59903277,41,Male,Other causes,2239,Auto,No,Material only,2185,2,Yes
80956687,4412055,52,Female,Other causes,2810,Auto,Unknown,Material and injury,37869.5,4,Yes
50068652,69473158,25,Male,Driver error,251,Auto,No,Material only,2070,1,No
78382955,88072232,46,Male,Other driver error,2046,Auto,Yes,Material and injury,27310,3,No
43043339,59389375,71,Male,Other causes,5291,Auto,Yes,Injury only,29480,3,No
11023718,56357617,49,Male,Natural causes,1068,Auto,Unknown,Material only,1300,1,No
50964521,85532819,54,Male,Driver error,1263,Auto,Yes,Material and injury,25950,3,No
64388927,96543848,56,Male,Other driver error,4908,Auto,No,Injury only,30340,1,No
81102722,91135917,74,Male,Other driver error,1288,Auto,No,Material only,2710,1,No
75276533,89479887,78,Male,Driver error,5880,Home,Yes,Injury only,38890,2,No
42320818,73495163,67,Male,Driver error,9960,Auto,Yes,Material and injury,22570,1,No
60904940,49889657,62,Male,Natural causes,6184,Auto,Unknown,Material only,1140,1,No
4881066,1300972,66,Female,Crime,7121,Home,No,Material only,2369,1,Yes
96406656,83887508,54,Female,Crime,954,Auto,No,Material only,1230.5,3,Yes
63627029,92392817,76,Female,Other driver error,398,Auto,Unknown,Material only,2081.5,1,Yes
75778891,75086914,43,Male,Other causes,1548,Auto,No,Material only,1050,1,No
73841606,42238302,26,Male,Driver error,267,Auto,Unknown,Material only,2590,2,No
49124611,83882449,27,Male,Driver error,954,Home,Yes,Material only,1644.5,1,Yes
40460618,53191091,57,Male,Crime,4441,Auto,Unknown,Material only,1265,1,Yes
64046224,55836042,24,Male,Driver error,221,Home,No,Material only,1863,1,Yes
9124181,19796899,61,Female,Other driver error,3201,Auto,Yes,Material and injury,24667.5,1,Yes
42019165,42014103,37,Male,Driver error,883,Home,No,Material only,2288.5,4,Yes
56413364,34778857,38,Male,Driver error,1500,Auto,Unknown,Material and injury,30015,1,Yes
98954915,85641672,27,Male,Crime,760,Auto,No,Material only,1860,1,No
49758082,86985239,61,Male,Driver error,1287,Auto,No,Material and injury,40880,1,No
2434059,19409471,78,Male,Other driver error,5756,Auto,No,Material only,1550,1,No
70156112,98537509,75,Female,Driver error,3530,Auto,Unknown,Material and injury,20033,3,Yes
25838638,36871042,35,Male,Other causes,1587,Auto,No,Material and injury,20230,1,No
16726169,62206180,28,Male,Driver error,808,Auto,No,Material only,1670,2,No
74582054,6448629,73,Female,Other causes,4837,Auto,Unknown,Material only,2714,1,Yes
78146904,30197131,77,Female,Other driver error,3460,Auto,No,Injury only,19297,1,Yes
95997859,7988398,62,Male,Driver error,7223,Auto,Unknown,Injury only,14720,1,No
37688454,13687085,34,Male,Driver error,1810,Auto,Unknown,Injury only,16760,1,No
32756328,30864915,74,Male,Driver error,8891,Auto,No,Material only,2440,1,No
2772206,14604149,24,Male,Driver error,4,Auto,Yes,Material and injury,36350,1,No
51377827,54275114,78,Male,Other driver error,2571,Auto,Yes,Material and injury,29530,1,No
81369109,24065986,19,Male,Natural causes,4,Home,Yes,Injury only,34970,1,No
55881539,64916376,78,Male,Other causes,6082,Auto,No,Material only,2850,2,No
49545697,35895151,30,Male,Driver error,486,Auto,No,Material only,2470,3,No
2248378,8201624,55,Female,Natural causes,3197,Auto,No,Material only,2932.5,4,Yes
21658094,55933927,38,Male,Other causes,58,Home,No,Material and injury,27404.5,2,Yes
96864459,92189083,37,Male,Natural causes,786,Auto,Yes,Injury only,19960,4,No
65990431,7303971,39,Male,Natural causes,2254,Auto,No,Material only,1170,1,No
52113932,35189228,59,Male,Driver error,4975,Home,Unknown,Material only,1280,1,No
31609133,25550440,43,Male,Natural causes,1287,Auto,Unknown,Material and injury,17721.5,1,Yes
48386458,38718253,19,Male,Other causes,4,Auto,Unknown,Injury only,30060,1,No
37692448,44632301,29,Female,Other driver error,2221,Auto,Yes,Injury only,44666,1,Yes
50552314,46691405,49,Male,Other causes,791,Auto,Unknown,Injury only,28230,1,No
35976362,25582668,22,Female,Natural causes,213,Auto,No,Material only,1265,1,Yes
61950339,21969808,62,Female,Natural causes,3329,Auto,No,Material only,1725,1,Yes
86644908,56525103,43,Male,Other driver error,1396,Auto,Unknown,Injury only,19320,1,No
98940053,59510159,52,Male,Other driver error,4063,Auto,No,Material only,2430,3,No
9129053,85250389,36,Female,Other driver error,323,Auto,Unknown,Injury only,24380,1,Yes
53902980,62935855,30,Male,Other driver error,4,Auto,No,Material only,2370,1,No
52239485,27304494,37,Male,Other causes,868,Auto,Unknown,Material and injury,26630,1,No
53831641,15820948,47,Male,Driver error,6199,Auto,Yes,Material and injury,14570,1,No
55084633,64214079,25,Male,Other causes,1030,Auto,Yes,Material and injury,30230,1,No
39063220,12108789,42,Female,Other causes,1162,Auto,Yes,Material and injury,23851,1,Yes
37576598,25365364,31,Male,Other causes,1481,Auto,No,Material only,1100,2,No
97666948,97514724,30,Male,Driver error,1101,Home,No,Injury only,19120,1,No
6429479,14501963,22,Male,Driver error,6,Auto,No,Material and injury,47748,3,Yes
76762783,41673539,43,Female,Crime,1552,Auto,Yes,Material and injury,44838.5,1,Yes
45452514,47730331,27,Male,Other causes,962,Home,Unknown,Material only,1580,1,No
39518274,91180828,28,Female,Other causes,1092,Auto,Unknown,Material and injury,28382,1,Yes
32160912,86237672,53,Male,Natural causes,3473,Auto,Unknown,Material only,1530,1,No
6313876,47437882,71,Male,Other driver error,5317,Auto,Unknown,Material and injury,27830,2,No
62249925,87092211,58,Male,Driver error,956,Auto,No,Material only,2340,1,No
80402957,49820646,22,Male,Driver error,109,Auto,Unknown,Material and injury,22011,2,Yes
27354249,77542013,18,Male,Driver error,4,Auto,No,Material only,2540,1,No
24770112,40950455,45,Male,Natural causes,2984,Auto,No,Material only,2790,1,No
68461060,30831279,58,Male,Other causes,7508,Auto,Yes,Injury only,20720,1,No
54174244,28866353,50,Male,Crime,3908,Auto,No,Material only,2334.5,1,Yes
80758625,44467682,40,Male,Driver error,246,Home,No,Material only,1460,4,No
80523716,45812655,23,Male,Driver error,168,Home,No,Material only,1790,1,No
48518908,49531152,69,Male,Driver error,3107,Auto,Unknown,Material only,1040,1,No
18739929,5152503,71,Male,Crime,2896,Auto,No,Material only,1759.5,4,Yes
39795153,7891758,51,Male,Natural causes,4170,Auto,No,Material only,1140,1,No
29685280,95560169,56,Male,Other driver error,4349,Auto,Unknown,Injury only,34950,1,No
2432399,74888099,21,Male,Other causes,98,Home,No,Material only,2480,1,No
3679965,95639174,65,Male,Natural causes,7368,Auto,No,Material only,2840,4,No
68733687,82028774,53,Male,Driver error,1494,Auto,Unknown,Material and injury,38065,4,Yes
89824066,41009394,70,Female,Other causes,3791,Auto,No,Material only,3105,4,Yes
75950191,18062339,73,Male,Driver error,1097,Auto,Unknown,Material only,1320,1,No
19454050,6540281,43,Male,Other causes,1860,Auto,No,Material only,2120,1,No
42133860,3124373,57,Male,Natural causes,3811,Auto,Unknown,Material only,1350,2,No
78221963,84147585,55,Male,Driver error,1858,Auto,Yes,Injury only,14430,4,No
1654201,85357756,70,Male,Driver error,5412,Auto,Unknown,Material only,2510,1,No
41779510,53539195,21,Male,Driver error,4,Home,No,Injury only,25040,1,No
47786788,47153140,47,Male,Natural causes,2083,Auto,No,Material only,1700,1,No
7384147,14477985,61,Male,Natural causes,1480,Auto,Unknown,Injury only,13100,5,No
36174594,66521317,64,Male,Natural causes,7463,Auto,No,Material only,2910,1,No
91772998,9081086,39,Male,Driver error,629,Auto,Yes,Injury only,34470,1,No
91475471,70659761,56,Male,Driver error,2499,Auto,Unknown,Material and injury,36810,1,No
67389802,91010040,19,Male,Crime,8,Auto,No,Material only,2460,1,No
16637107,69128619,73,Male,Natural causes,8931,Home,No,Material and injury,19040,4,No
30691877,53225913,31,Female,Crime,2273,Auto,No,Material only,3381,2,Yes
52826622,83086717,36,Male,Driver error,1796,Auto,No,Material and injury,23940,1,No
22476903,40460125,51,Female,Other causes,3070,Auto,No,Material only,1564,1,Yes
69620654,88878373,78,Female,Other causes,5309,Auto,Unknown,Material only,3001.5,2,Yes
3487779,97545319,61,Male,Crime,7420,Auto,No,Injury only,33520,1,No
75470279,64610611,18,Male,Driver error,4,Auto,Yes,Injury only,35910,3,No
48386154,24310699,39,Male,Natural causes,1048,Auto,Unknown,Material only,1210,1,No
79783763,34803042,48,Female,Driver error,3300,Auto,No,Material only,1265,1,Yes
89665136,25512276,34,Male,Driver error,2262,Auto,No,Material and injury,16380,1,No
40283824,9205013,72,Male,Driver error,6568,Auto,Yes,Material and injury,23430,1,No
74043997,29517588,78,Female,Natural causes,4323,Auto,No,Material only,2553,4,Yes
45864947,71462870,63,Male,Crime,4755,Auto,No,Material only,1870,3,No
54333326,53886536,73,Male,Driver error,4726,Auto,No,Material only,2270,1,No
8199355,5027573,69,Male,Natural causes,2984,Auto,No,Material only,1490,1,No
10852541,69204774,43,Male,Other causes,3795,Auto,No,Material only,2265.5,1,Yes
21734808,9466593,18,Female,Driver error,7,Auto,No,Material only,1472,1,Yes
63191767,15000907,54,Male,Driver error,7865,Auto,No,Material only,2340,3,No
64659108,42867092,41,Female,Other causes,2353,Auto,No,Injury only,29083.5,1,Yes
79708200,72833735,53,Female,Crime,2613,Auto,Unknown,Material only,2495.5,1,Yes
97455990,3771583,76,Female,Other causes,5242,Auto,No,Material only,1242,1,Yes
51408016,8609975,27,Male,Natural causes,110,Auto,No,Material only,2890,1,No
90369587,35459428,26,Male,Driver error,2,Auto,No,Injury only,32040,6,No
15510973,55982230,42,Male,Other driver error,2048,Auto,Unknown,Material and injury,29428.5,1,Yes
81034752,44866465,31,Male,Other causes,1901,Auto,Yes,Injury only,31240,1,No
77521871,39554038,53,Male,Driver error,1551,Auto,No,Material only,2047,1,Yes
23669610,14712345,71,Male,Natural causes,6405,Auto,Unknown,Material only,1630,1,No
95115614,53981675,36,Male,Driver error,853,Auto,No,Material and injury,21940,1,No
45780237,287476,56,Male,Natural causes,1584,Auto,Unknown,Material only,1621.5,2,Yes
37713174,62960540,21,Male,Other causes,37,Auto,No,Injury only,34390,4,No
13952270,36780334,68,Male,Natural causes,12816,Auto,No,Material only,2340,1,No
4342527,4420512,33,Male,Natural causes,929,Auto,No,Material only,1860,1,No
88554126,71496799,52,Male,Natural causes,2607,Auto,No,Material only,2520,1,No
74280541,85983291,29,Female,Other causes,2,Auto,No,Material only,1518,3,Yes
8623615,29500814,77,Male,Crime,5190,Auto,No,Material only,2150.5,5,Yes
41352743,74351384,31,Male,Driver error,742,Auto,No,Material only,2860,1,No
78204177,72363224,55,Male,Natural causes,3011,Auto,No,Material only,1500,1,No
47463520,41106063,37,Male,Driver error,1000,Home,No,Material only,2830,1,No
38818122,57043846,21,Male,Other causes,87,Auto,Yes,Injury only,34490,1,No
36164960,31740446,41,Male,Natural causes,881,Auto,No,Material only,2553,1,Yes
3271117,17690710,65,Male,Crime,8543,Auto,Yes,Injury only,32180,1,No
73337887,50771198,42,Male,Other causes,1007,Auto,Yes,Material only,1020,1,No
73456426,23460895,59,Male,Other causes,7411,Auto,No,Material and injury,34994.5,1,Yes
50234626,33628817,23,Male,Other causes,131,Auto,Yes,Material only,2800,1,No
85883298,32791401,52,Male,Driver error,3609,Auto,No,Material only,1630,1,No
4549014,99674324,47,Male,Other causes,3305,Auto,No,Injury only,21480,1,No
57099061,81371138,24,Female,Other causes,426,Auto,No,Material only,3358,1,Yes
16326173,30199988,56,Female,Other causes,2004,Auto,No,Material only,1978,3,Yes
90831325,20299691,47,Male,Natural causes,977,Auto,No,Material only,2093,5,Yes
80286970,40591588,18,Male,Driver error,4,Auto,Unknown,Material and injury,39928,1,Yes
86285484,28871739,18,Female,Other causes,4,Auto,No,Material only,1920.5,1,Yes
91324151,46995469,57,Male,Driver error,1015,Auto,No,Material only,2520,1,No
71690988,8774687,58,Male,Other causes,5910,Auto,No,Material only,1910,1,No
6365892,42083451,70,Male,Driver error,2451,Auto,No,Material only,2400,1,No
36047575,50560987,51,Male,Other causes,4003,Auto,Unknown,Material and injury,21700,3,No
12839550,28999720,65,Male,Crime,4409,Auto,Unknown,Material only,2360,1,No
92426104,40971431,30,Female,Other causes,782,Auto,No,Material and injury,46483,1,Yes
24499029,6563653,42,Male,Other causes,2208,Auto,Unknown,Material and injury,21530,2,No
68477126,9959859,39,Male,Crime,2447,Auto,No,Material only,3105,3,Yes
75728799,71404791,32,Female,Other driver error,1532,Auto,No,Material only,1368.5,3,Yes
70157196,11429044,45,Male,Other driver error,1549,Auto,Yes,Material and injury,33730,1,No
45237349,71108576,41,Male,Driver error,2153,Auto,No,Material and injury,39997,1,Yes
51004421,44821508,21,Male,Crime,88,Home,No,Material only,2740,2,No
77750303,85683729,42,Male,Other causes,3025,Auto,No,Material only,1150,1,No
94869704,90115894,56,Male,Natural causes,8643,Auto,Yes,Material only,2240,1,No
51895230,45566276,31,Male,Natural causes,7,Auto,No,Material only,3231.5,4,Yes
43635378,53719176,40,Male,Other driver error,5,Auto,Unknown,Injury only,27278,6,Yes
34947297,73898057,25,Female,Other causes,932,Auto,Unknown,Material only,1610,4,Yes
92782157,2476913,61,Male,Driver error,1839,Auto,No,Injury only,22130,1,No
58878919,29323970,22,Male,Driver error,188,Auto,Unknown,Material only,1840,1,Yes
6342208,67243622,75,Male,Other driver error,4456,Auto,Unknown,Material only,2250,1,No
39476021,62861487,70,Male,Other causes,6906,Auto,Yes,Injury only,19340,1,No
24782645,98083433,31,Male,Driver error,2040,Auto,No,Material only,1120,3,No
65211497,92644503,34,Male,Other driver error,1248,Auto,Yes,Injury only,18650,1,No
98646052,65916260,36,Female,Other driver error,2396,Auto,No,Material only,3415.5,1,Yes
47262068,99961993,74,Male,Driver error,6138,Home,No,Material only,2310,1,No
16286241,42098367,29,Female,Other causes,394,Auto,Unknown,Material and injury,24621.5,1,Yes
51587897,9130038,24,Female,Natural causes,64,Auto,No,Material only,3128,1,Yes
2228834,80562391,22,Female,Crime,103,Auto,Unknown,Material only,3369.5,1,Yes
25213498,28932340,77,Male,Driver error,12398,Auto,Unknown,Material only,2970,1,No
63268924,5864769,36,Male,Crime,1211,Auto,Yes,Injury only,34460,1,No
30225071,3955265,39,Male,Other causes,2439,Auto,Unknown,Material and injury,37740,1,No
18824405,42882285,43,Female,Natural causes,1068,Auto,No,Material only,2357.5,1,Yes
38416376,96134505,69,Female,Other driver error,5538,Auto,No,Injury only,33522.5,1,Yes
23027360,82000019,63,Male,Driver error,7757,Auto,No,Injury only,33752.5,1,Yes
95712960,51525336,27,Female,Other causes,420,Auto,Unknown,Injury only,33465,1,Yes
20402925,90876878,60,Male,Driver error,7284,Auto,Unknown,Injury only,13820,1,No
67588341,11982382,54,Male,Other driver error,1742,Auto,No,Material only,1640,1,No
7014549,33290806,63,Male,Driver error,575,Auto,No,Material only,2550,1,No
30981307,95856464,69,Male,Crime,8559,Auto,No,Material only,1120,1,No
99553356,8765210,46,Male,Other causes,4072,Auto,No,Material and injury,34200,1,No
94540900,77765211,33,Male,Driver error,14,Home,No,Material only,2580,1,No
91784105,39035416,64,Male,Other causes,4838,Auto,Unknown,Material only,2540,2,No
82709186,5264479,39,Male,Other causes,2498,Auto,Unknown,Injury only,24220,1,No
40794950,24769711,19,Male,Driver error,5,Auto,Yes,Material and injury,20380,2,No
97253910,98142348,51,Male,Other causes,6477,Auto,No,Material only,2564.5,2,Yes
17672041,22328083,55,Male,Other causes,5757,Auto,Yes,Material and injury,30170,2,No
42920871,85984961,25,Female,Natural causes,6,Auto,Unknown,Material only,3231.5,1,Yes
64295252,17774827,75,Male,Other causes,2363,Auto,No,Material only,1370,1,No
49968358,22370979,45,Male,Other driver error,634,Auto,Yes,Material and injury,24050,2,No
56742072,89044601,20,Male,Driver error,6,Auto,No,Material and injury,17951.5,1,Yes
39451038,47585713,34,Male,Other causes,1148,Auto,Unknown,Injury only,33140,1,No
35445367,32301882,33,Male,Crime,849,Auto,No,Material only,1310,1,No
66768314,16717085,26,Male,Other causes,393,Auto,No,Material only,2740,2,No
73088898,2121802,29,Male,Other causes,737,Auto,Yes,Material and injury,32090,1,No
23145140,30966524,21,Male,Natural causes,61,Auto,No,Injury only,16870,1,No
58812093,39608351,38,Male,Natural causes,1338,Auto,Yes,Material only,2750,1,No
85043191,92789350,58,Male,Other driver error,6816,Auto,No,Material only,1170,2,No
44561119,83706741,41,Female,Crime,2120,Auto,Yes,Material only,2633.5,1,Yes
58673943,92400577,74,Male,Other causes,1816,Auto,No,Material only,2277,1,Yes
52747205,63788489,67,Male,Driver error,2270,Auto,No,Material only,1880,1,No
7838178,49187749,57,Male,Other causes,1594,Auto,No,Material and injury,16680,1,No
10442615,58144290,69,Male,Other causes,2058,Auto,No,Material only,1250,1,No
38981782,21330507,64,Male,Other causes,459,Home,No,Material only,2390,1,No
97484739,21066098,58,Female,Crime,8285,Auto,No,Material only,2955.5,1,Yes
72837991,46673661,65,Male,Other causes,2864,Home,No,Material only,1320,2,No
88815908,48477164,18,Female,Driver error,2,Home,Unknown,Material and injury,48150.5,4,Yes
18702553,25879245,68,Male,Other causes,4164,Auto,No,Material only,1300,1,No
83092374,86301193,18,Female,Driver error,4,Home,No,Material and injury,25093,1,Yes
80621398,44003496,33,Male,Crime,1758,Auto,No,Material only,1400,1,No
35373452,89737711,34,Male,Other causes,118,Auto,Unknown,Material only,2800,1,No
46925508,68723599,64,Male,Other driver error,3668,Auto,No,Material only,1380,1,Yes
42530425,46129941,29,Female,Crime,1274,Auto,No,Material only,3277.5,8,Yes
32299664,12377926,20,Male,Driver error,2,Home,Yes,Injury only,14480,1,No
27069739,20444103,77,Male,Crime,6201,Auto,Unknown,Material only,1330,5,No
89389379,89456307,24,Male,Natural causes,897,Auto,No,Material only,2500,1,No
89833962,441097,55,Male,Other causes,2117,Auto,Yes,Material and injury,37040,1,No
74884043,86992868,19,Male,Driver error,2,Auto,No,Material only,2500,2,No
85222695,83499843,79,Male,Driver error,12830,Auto,No,Material and injury,18135.5,1,Yes
73426298,71585789,18,Male,Driver error,5,Home,Unknown,Material and injury,18963.5,1,Yes
87951152,72081129,71,Male,Crime,2728,Auto,No,Material only,1730,3,No
40953049,263204,57,Male,Other causes,426,Auto,No,Material and injury,39192,1,Yes
70338835,8733543,56,Male,Natural causes,1021,Auto,No,Material only,2300,1,No
92734593,80581271,19,Male,Driver error,6,Auto,No,Material only,1184.5,1,Yes
58440592,18426154,41,Male,Other causes,6072,Auto,Yes,Material and injury,21590,1,No
52976799,64270813,77,Female,Other driver error,8246,Auto,Unknown,Material only,1748,1,Yes
14015336,48609526,78,Male,Driver error,2189,Auto,No,Injury only,29530,1,No
94060921,49759488,26,Male,Driver error,6,Auto,Unknown,Material only,1667.5,1,Yes
27638017,56075921,45,Female,Other driver error,4031,Auto,No,Material only,1587,4,Yes
2893823,47565478,49,Female,Natural causes,1089,Auto,No,Material only,2702.5,1,Yes
33062200,42708350,77,Male,Driver error,13471,Auto,No,Material only,2150,1,No
58366436,39405635,47,Male,Other causes,2979,Auto,Unknown,Material and injury,45540,1,Yes
76730919,48038858,29,Female,Other causes,1564,Auto,Unknown,Material only,1759.5,2,Yes
33341864,15880215,69,Male,Other driver error,2525,Auto,Yes,Injury only,34200,1,No
61586929,9339845,42,Male,Driver error,6081,Auto,No,Material only,2850,1,No
14102754,13926634,41,Male,Other causes,2872,Auto,No,Material only,2610.5,3,Yes
44965194,18307355,46,Male,Other causes,2685,Auto,Yes,Material and injury,34210,1,No
14547597,50436220,25,Male,Other driver error,384,Auto,Unknown,Material and injury,34530,1,No
68295218,28239393,48,Male,Other driver error,3167,Auto,No,Material only,1230,4,No
99688746,5237129,67,Male,Driver error,9164,Auto,Unknown,Injury only,19750,5,No
41282358,53442249,76,Male,Other causes,1496,Auto,No,Material only,1495,1,Yes
11175466,45971331,67,Male,Natural causes,7578,Auto,Unknown,Injury only,32730,1,No
12295612,79889146,54,Male,Natural causes,1701,Auto,No,Material only,2587.5,3,Yes
64295975,21774335,63,Male,Natural causes,10502,Auto,No,Material only,1320,1,No
60583331,93910149,28,Male,Crime,142,Auto,No,Material only,1960,1,No
68432724,95822358,18,Female,Other driver error,2,Auto,Unknown,Injury only,16479.5,1,Yes
73781214,55401227,62,Male,Natural causes,7935,Auto,Unknown,Material only,1190,1,No
94747735,93455439,22,Female,Natural causes,3,Home,No,Material only,2219.5,1,Yes
37998905,19478893,52,Male,Natural causes,4120,Auto,No,Material only,1910,1,No
3877364,72296323,40,Male,Driver error,3034,Home,Unknown,Material only,2110,1,No
50804841,93009704,37,Male,Driver error,1487,Auto,Unknown,Material only,1900,5,No
93323222,60987956,73,Male,Other driver error,1766,Auto,No,Injury only,36500,1,No
60095092,27878628,28,Female,Crime,1516,Auto,No,Material only,2277,1,Yes
4607758,90085898,34,Female,Natural causes,2,Auto,No,Material only,3116.5,1,Yes
8299275,69317965,32,Male,Driver error,1339,Auto,No,Material and injury,30340,1,No
77574216,81968615,43,Male,Natural causes,3870,Auto,No,Material and injury,23420,1,No
84713547,83223514,56,Male,Other driver error,4585,Auto,Yes,Injury only,30400,1,No
4812972,78341228,20,Male,Natural causes,5,Auto,Unknown,Material only,2090,1,No
11448070,80905889,45,Male,Other driver error,7552,Auto,No,Material only,1680,1,No
88944238,93822307,41,Male,Natural causes,4740,Auto,No,Material only,2940,1,No
92066571,4889449,61,Male,Other driver error,7985,Auto,No,Material only,1207.5,1,Yes
57389964,50460892,72,Male,Other driver error,8362,Auto,No,Injury only,31740,2,No
81995072,94943525,59,Male,Driver error,2570,Auto,No,Material and injury,44470.5,2,Yes
24456983,45434540,25,Male,Natural causes,369,Auto,No,Material only,2000,1,No
1627727,90234480,51,Male,Other causes,1223,Auto,No,Material only,2670,1,No
25730111,40801256,33,Male,Driver error,1012,Auto,Yes,Material and injury,26250,1,No
86202352,67070056,52,Male,Other causes,6125,Auto,No,Material only,2770,1,No
1342627,63137507,20,Male,Driver error,154,Auto,No,Material only,3323.5,1,Yes
84040371,35593972,79,Male,Other causes,3492,Home,No,Material only,1530,1,No
66931197,80002521,79,Male,Natural causes,13862,Auto,No,Material only,1900,3,No
15719219,14664886,19,Male,Other causes,4,Auto,No,Material only,2730,1,No
7136079,29903212,23,Male,Driver error,507,Auto,No,Material only,2668,2,Yes
61933109,95628948,72,Male,Driver error,8687,Auto,Yes,Injury only,21160,1,No
54131824,39497409,39,Female,Other driver error,3356,Auto,Unknown,Injury only,32867,3,Yes
33479837,46076664,71,Male,Driver error,5514,Auto,Unknown,Material only,1690,1,No
10494374,87607433,67,Male,Driver error,3790,Auto,Yes,Material and injury,33620,1,No
22960702,99892000,19,Male,Driver error,4,Auto,No,Material only,2415,2,Yes
7299594,74633480,20,Male,Other causes,132,Auto,Yes,Material only,2790,3,No
43076500,92362143,59,Male,Other driver error,8463,Auto,No,Material only,1200,1,No
80228119,41291823,52,Male,Other driver error,5026,Auto,No,Material and injury,20350,1,No
74761374,46710738,24,Male,Driver error,3,Auto,No,Material only,1830,1,No
77192370,47415706,42,Female,Other driver error,411,Auto,Unknown,Material and injury,18457.5,1,Yes
85699790,83944124,32,Male,Crime,1344,Auto,Unknown,Material only,2370,1,No
72439038,80503762,38,Male,Other causes,2109,Auto,No,Material only,2380.5,1,Yes
65407446,15214936,67,Male,Driver error,3879,Auto,No,Material and injury,40135,2,Yes
67873056,3497881,18,Male,Driver error,7,Auto,No,Material and injury,42021,1,Yes
4337976,46678650,56,Male,Other driver error,645,Auto,No,Material only,2200,3,No
69599342,17664425,26,Male,Driver error,8,Auto,No,Material only,2196.5,5,Yes
85590604,41128407,59,Male,Other causes,915,Auto,No,Injury only,36670,2,No
71846514,22580068,48,Female,Other driver error,497,Auto,Unknown,Material only,3151,1,Yes
90284502,49170442,44,Male,Other causes,462,Auto,No,Material and injury,42872,1,Yes
45780412,24053072,58,Male,Natural causes,4316,Auto,No,Material only,2490,1,No
73875239,8310837,55,Male,Other driver error,4770,Auto,Yes,Injury only,35280,2,No
1249826,99170243,50,Male,Other driver error,3001,Auto,No,Material only,2260,1,No
15818104,33314915,71,Female,Other driver error,7158,Auto,No,Material only,1610,1,Yes
55042907,58693933,37,Male,Driver error,332,Auto,No,Material only,2070,1,Yes
24713082,40303052,47,Male,Driver error,3176,Home,Yes,Injury only,22440,1,No
40182876,94030912,49,Female,Other causes,285,Auto,Yes,Material only,3093.5,1,Yes
89085163,62528525,34,Male,Natural causes,76,Auto,No,Material only,2750,1,No
46452514,88566888,53,Male,Crime,568,Auto,No,Material only,2430,3,No
66301062,30015627,56,Male,Natural causes,7004,Auto,Yes,Material only,2208,4,Yes
30422665,70088729,74,Male,Driver error,8667,Home,No,Material only,1552.5,1,Yes
9261301,53042145,48,Female,Other causes,1115,Auto,Unknown,Material only,2553,4,Yes
49457139,12499211,60,Female,Other causes,53,Auto,No,Material only,3139.5,1,Yes
79750669,3915010,26,Male,Other causes,649,Auto,Unknown,Material and injury,19820,1,No
519194,95863439,58,Male,Natural causes,7338,Home,Unknown,Material only,2510,1,No
76136365,72212627,69,Male,Crime,899,Auto,No,Injury only,14250,1,No
75321090,49164086,34,Male,Other driver error,2131,Auto,No,Material only,3093.5,4,Yes
17396013,44050095,74,Male,Driver error,12742,Auto,Unknown,Material and injury,20458.5,1,Yes
50022306,10198314,49,Female,Other causes,6715,Auto,Unknown,Injury only,28658,1,Yes
60050677,84861652,47,Male,Natural causes,2183,Auto,No,Material only,1290,1,No
12015495,89364843,52,Male,Other causes,5228,Auto,No,Material only,2270,1,No
78685929,29459103,56,Female,Natural causes,1820,Auto,No,Injury only,35385.5,1,Yes
16402994,86164274,52,Male,Other causes,1499,Home,Unknown,Material and injury,15760,1,No
26832,37686146,37,Male,Other causes,3310,Auto,No,Material only,1510,1,No
704775,86088574,79,Female,Driver error,730,Auto,No,Injury only,40951.5,1,Yes
94799556,63279444,61,Male,Other causes,10301,Home,No,Material only,1587,4,Yes
92320208,84080228,62,Male,Natural causes,116,Auto,Yes,Material and injury,23483,4,Yes
86240106,885337,75,Male,Driver error,4104,Auto,No,Material only,2490,2,No
78672117,79391302,77,Male,Other causes,13354,Auto,No,Material only,2500,2,No
93708812,69101618,19,Male,Driver error,8,Auto,No,Material and injury,29220,3,No
89455788,20681481,31,Male,Other causes,1292,Auto,No,Material only,2720,1,No
7211846,97226830,58,Male,Other driver error,3293,Auto,No,Material only,2900,2,No
4186299,66788290,77,Male,Driver error,2751,Auto,Yes,Injury only,33360,1,No
24121111,67697862,26,Male,Other causes,2,Auto,No,Material only,2320,1,No
97210536,48445766,51,Male,Other driver error,915,Auto,No,Material only,1000,2,No
12612736,74787956,63,Male,Driver error,319,Auto,Unknown,Material only,1450,1,No
46839282,45364348,34,Male,Driver error,4268,Auto,No,Material only,2990,1,No
69454875,81661419,22,Male,Driver error,59,Auto,No,Material only,2852,2,Yes
63402766,78301168,70,Male,Other driver error,3351,Auto,Unknown,Material only,1370,1,No
51060336,91447671,24,Male,Driver error,1119,Auto,No,Material only,1370,1,No
87968374,86320995,50,Male,Other driver error,1960,Home,No,Material only,1720,1,No
30903408,77134414,28,Male,Other driver error,542,Auto,Unknown,Injury only,28760,1,No
78011323,26346266,19,Male,Driver error,5,Auto,No,Material only,3346.5,1,Yes
30441336,71259315,45,Male,Natural causes,1404,Auto,No,Material only,2110,1,No
92741962,78119838,63,Male,Driver error,10756,Auto,No,Material only,1750,1,No
22032611,27598176,77,Female,Driver error,3265,Auto,No,Material and injury,48035.5,1,Yes
65984723,83135621,46,Male,Other driver error,1020,Auto,No,Material only,1240,1,No
99300549,91002298,49,Male,Natural causes,4027,Auto,No,Injury only,34010,1,No
35521654,93133213,31,Male,Natural causes,815,Home,No,Material only,1480,1,No
22576028,18369428,19,Male,Other causes,7,Auto,No,Material only,1472,1,Yes
83884815,71676845,63,Male,Other driver error,3951,Auto,No,Material only,2800,3,No
47990199,68067526,18,Male,Driver error,4,Auto,No,Material only,1330,1,No
28106228,44453657,79,Female,Driver error,2752,Auto,No,Material only,1276.5,1,Yes
60315464,32646041,76,Female,Driver error,12916,Home,No,Material and injury,28520,1,Yes
50618311,69608621,61,Female,Other causes,636,Auto,No,Material only,1357,1,Yes
17213671,18174078,68,Female,Other driver error,3505,Auto,No,Material only,2852,4,Yes
39886036,34756508,47,Male,Natural causes,477,Auto,No,Material only,1690,1,No
7180084,608461,24,Male,Crime,382,Auto,No,Material only,2630,1,No
67060119,12015897,79,Male,Driver error,11857,Auto,Unknown,Material only,2270,6,No
81779336,60965575,74,Female,Other driver error,959,Auto,No,Material and injury,19895,1,Yes
93043462,81634435,20,Male,Other driver error,4,Home,Unknown,Material and injury,31790,1,No
45865218,96439036,62,Male,Other causes,3196,Auto,Yes,Injury only,26320,1,No
50927161,51033228,19,Male,Driver error,7,Auto,No,Material and injury,30890,2,No
43042986,58451506,51,Male,Natural causes,4396,Auto,No,Material only,2420,1,No
42636878,26734721,30,Male,Natural causes,1582,Auto,No,Material only,1720,1,No
91976551,79174311,70,Female,Natural causes,3833,Auto,No,Material only,2162,5,Yes
31517760,30119782,31,Female,Other driver error,201,Auto,Unknown,Material only,2242.5,1,Yes
365998,57267299,27,Male,Other driver error,295,Auto,Yes,Material and injury,25140,2,No
85546357,90217818,62,Female,Other driver error,3361,Auto,No,Injury only,37743,1,Yes
67763980,70708127,34,Female,Natural causes,230,Auto,No,Material only,1150,1,Yes
15231655,81526763,19,Female,Other causes,2,Auto,Unknown,Material only,2323,3,Yes
57326503,29854604,42,Male,Other driver error,4914,Auto,No,Material and injury,44033.5,1,Yes
91946746,8684318,33,Male,Other driver error,788,Home,Yes,Material only,2670,2,No
65497756,6104555,70,Male,Natural causes,2749,Auto,Unknown,Material only,1050,1,No
14230070,3205230,69,Male,Driver error,4956,Auto,No,Material only,2730,3,No
36599575,87596868,76,Male,Driver error,3143,Auto,Unknown,Injury only,33330,2,No
28084004,82089910,53,Male,Driver error,728,Auto,No,Material only,2780,1,No
91386759,65208809,36,Male,Natural causes,3946,Auto,No,Material only,2290,1,No
47457836,6756905,57,Male,Driver error,2570,Auto,No,Material only,2320,3,No
72025178,46850495,27,Male,Other causes,1079,Auto,Yes,Material only,2173.5,1,Yes
22690595,19888166,62,Male,Other driver error,7287,Auto,Yes,Injury only,33080,2,No
63226031,61575264,79,Male,Natural causes,2032,Auto,No,Material only,1490,1,No
12632133,49290530,29,Male,Natural causes,853,Auto,No,Material only,2875,1,Yes
45052103,55466148,20,Male,Driver error,5,Auto,No,Injury only,29010,1,No
56626640,82584690,21,Female,Other driver error,2,Auto,Unknown,Material only,2288.5,1,Yes
7280558,40349009,72,Male,Crime,3501,Auto,No,Material only,3346.5,3,Yes
74995596,55765343,28,Female,Crime,935,Auto,Unknown,Material only,1805.5,1,Yes
8475725,75409818,61,Male,Other causes,2171,Auto,No,Material only,1610,3,No
33194240,18332683,55,Male,Other causes,713,Auto,Yes,Material and injury,24850,1,No
97727122,35951012,76,Female,Other driver error,8669,Auto,No,Material only,3059,4,Yes
79807493,85322831,58,Female,Other driver error,8447,Auto,No,Material and injury,23575,2,Yes
58809728,43020876,72,Male,Other driver error,4595,Auto,Yes,Material and injury,36685,3,Yes
228130252,192642962,47,Female,Crime,2335,Auto,No,Material only,2680,1,Yes
228130257,192642965,61,Female,Other causes,2171,Auto,No,Material only,1610,3,Yes
228130262,192642968,55,Female,Other causes,713,Auto,Yes,Material and injury,24850,1,Yes
228130267,192642971,20,Female,Driver error,5,Auto,No,Injury only,29010,1,Yes
228130272,192642974,62,Female,Other driver error,7287,Auto,Yes,Injury only,33080,2,Yes
228130277,192642977,79,Female,Natural causes,2032,Auto,No,Material only,1490,1,Yes
228130282,192642980,36,Female,Natural causes,3946,Auto,No,Material only,2290,1,Yes
228130287,192642983,57,Female,Driver error,2570,Auto,No,Material only,2320,3,Yes
228130292,192642986,69,Female,Driver error,4956,Auto,No,Material only,2730,3,Yes
228130297,192642989,76,Female,Driver error,3143,Auto,Unknown,Injury only,33330,2,Yes
228130302,192642992,53,Female,Driver error,728,Auto,No,Material only,2780,1,Yes
228130307,192642995,33,Female,Other driver error,788,Home,Yes,Material only,2670,2,Yes
228130312,192642998,27,Female,Other driver error,295,Auto,Yes,Material and injury,25140,2,Yes
228130317,192643001,47,Female,Natural causes,477,Auto,No,Material only,1690,1,Yes
228130322,192643004,24,Female,Crime,382,Auto,No,Material only,2630,1,Yes
228130327,192643007,79,Female,Driver error,11857,Auto,Unknown,Material only,2270,6,Yes
228130332,192643010,20,Female,Other driver error,4,Home,Unknown,Material and injury,31790,1,Yes
228130337,192643013,62,Female,Other causes,3196,Auto,Yes,Injury only,26320,1,Yes
228130342,192643016,19,Female,Driver error,7,Auto,No,Material and injury,30890,2,Yes
228130347,192643019,51,Female,Natural causes,4396,Auto,No,Material only,2420,1,Yes
228130352,192643022,30,Female,Natural causes,1582,Auto,No,Material only,1720,1,Yes
228130357,192643025,63,Female,Other driver error,3951,Auto,No,Material only,2800,3,Yes
228130362,192643028,18,Female,Driver error,4,Auto,No,Material only,1330,1,Yes
228130367,192643031,31,Female,Natural causes,815,Home,No,Material only,1480,1,Yes
228130372,192643034,49,Female,Natural causes,4027,Auto,No,Injury only,34010,1,Yes
228130377,192643037,45,Female,Natural causes,1404,Auto,No,Material only,2110,1,Yes
228130382,192643040,63,Female,Driver error,10756,Auto,No,Material only,1750,1,Yes
228130387,192643043,46,Female,Other driver error,1020,Auto,No,Material only,1240,1,Yes
228130392,192643046,51,Female,Other driver error,915,Auto,No,Material only,1000,2,Yes
228130397,192643049,63,Female,Driver error,319,Auto,Unknown,Material only,1450,1,Yes
228130402,192643052,34,Female,Driver error,4268,Auto,No,Material only,2990,1,Yes
228130407,192643055,22,Female,Driver error,59,Auto,No,Material only,2852,2,Yes
228130412,192643058,70,Female,Other driver error,3351,Auto,Unknown,Material only,1370,1,Yes
228130417,192643061,24,Female,Driver error,1119,Auto,No,Material only,1370,1,Yes
228130422,192643064,50,Female,Other driver error,1960,Home,No,Material only,1720,1,Yes
228130427,192643067,28,Female,Other driver error,542,Auto,Unknown,Injury only,28760,1,Yes
228130432,192643070,19,Female,Driver error,8,Auto,No,Material and injury,29220,3,Yes
228130437,192643073,31,Female,Other causes,1292,Auto,No,Material only,2720,1,Yes
228130442,192643076,58,Female,Other driver error,3293,Auto,No,Material only,2900,2,Yes
228130447,192643079,77,Female,Driver error,2751,Auto,Yes,Injury only,33360,1,Yes
228130452,192643082,26,Female,Other causes,2,Auto,No,Material only,2320,1,Yes
228130457,192643085,75,Female,Driver error,4104,Auto,No,Material only,2490,2,Yes
228130462,192643088,77,Female,Other causes,13354,Auto,No,Material only,2500,2,Yes
22890255,19270029,47,Female,Crime,2335,Auto,No,Material only,2680,1,Yes
12878697,18401431,73,Female,Driver error,4196,Auto,No,Material only,1730,4,Yes
27026415,73486696,55,Female,Natural causes,622,Auto,No,Material only,1160,3,Yes
43908340,32813728,67,Female,Crime,3386,Auto,Unknown,Material only,2620,1,Yes
28564411,51583247,63,Female,Other driver error,9211,Auto,Unknown,Material and injury,16690,1,Yes
72738050,35875400,78,Female,Other driver error,14991,Auto,Unknown,Material only,1870,1,Yes
53780672,21240717,26,Female,Other driver error,1203,Auto,Unknown,Material only,1050,1,Yes
35489768,63240333,25,Female,Natural causes,8,Auto,No,Material only,2870,1,Yes
7809920,63916802,55,Female,Other causes,5444,Auto,No,Injury only,17800,1,Yes
17910620,90012520,62,Female,Other driver error,2060,Auto,No,Material only,1010,1,Yes
46956601,10665408,34,Female,Natural causes,911,Auto,No,Material only,2170,1,Yes
8782255,1924193,41,Female,Driver error,4,Auto,No,Material only,1690,1,Yes
71088689,32155491,70,Female,Driver error,2513,Auto,No,Material and injury,32640,4,Yes
54764647,35876575,62,Female,Driver error,2199,Auto,No,Material only,2870,1,Yes
18210744,80379944,66,Female,Natural causes,3154,Auto,No,Injury only,18580,3,Yes
22215434,64899351,22,Female,Other driver error,349,Auto,No,Material only,2630,1,Yes
10738828,11278323,35,Female,Natural causes,1410,Auto,No,Material only,2540,1,Yes
7800066,90426050,42,Female,Driver error,1678,Auto,No,Material only,2320,1,Yes
99427251,91546958,76,Female,Crime,4843,Home,No,Material only,2070,1,Yes
70399162,26489174,70,Female,Driver error,1859,Auto,No,Material only,1110,1,Yes
5481269,76422359,73,Female,Crime,1475,Home,No,Material only,1030,1,Yes
13167223,27205601,40,Female,Driver error,441,Auto,No,Injury only,16910,1,Yes
13578276,34790023,49,Female,Other driver error,1431,Auto,Yes,Material and injury,33040,5,Yes
22640001,53333888,46,Female,Other causes,5460,Auto,Yes,Material and injury,25320,1,Yes
73894970,28307588,36,Female,Driver error,420,Auto,No,Material only,2340,1,Yes
3673098,54642129,79,Female,Driver error,5075,Auto,No,Injury only,19960,1,Yes
58245823,47091119,64,Female,Driver error,3801,Home,No,Injury only,27230,1,Yes
83744910,48277294,44,Female,Other driver error,4191,Auto,No,Material and injury,16150,1,Yes
14836812,75252896,39,Female,Other driver error,191,Auto,Yes,Injury only,32630,1,Yes
47783761,8132745,18,Female,Other driver error,3,Auto,No,Material only,2470,1,Yes
87229796,44319277,37,Female,Other causes,2750,Auto,Yes,Material and injury,41430,1,Yes
73138945,57510553,69,Female,Driver error,5146,Auto,No,Material only,1730,1,Yes
23504113,62797406,42,Female,Other driver error,1487,Auto,Unknown,Material and injury,20360,1,Yes
21972511,83088736,21,Female,Driver error,198,Auto,Unknown,Material only,2910,1,Yes
95352578,9089762,37,Female,Other driver error,2930,Auto,No,Material and injury,33190,1,Yes
43973230,83290759,75,Female,Driver error,5708,Auto,Yes,Material and injury,28250,1,Yes
20332979,51936954,75,Female,Natural causes,4889,Auto,No,Material only,2120,1,Yes
69101906,35907940,66,Female,Crime,10163,Auto,Unknown,Material and injury,19520,1,Yes
50337105,15036169,54,Female,Other driver error,2620,Auto,Unknown,Injury only,30080,1,Yes
1886317,59046348,33,Female,Driver error,1737,Auto,No,Material only,1680,6,Yes
99210081,95221734,45,Female,Crime,1470,Auto,No,Material only,2040,1,Yes
87452247,88191111,64,Female,Driver error,2603,Auto,Yes,Material only,2760,1,Yes
39128293,72897054,33,Female,Other driver error,389,Auto,Unknown,Material and injury,32480,1,Yes
64573393,85650168,49,Female,Crime,7447,Auto,No,Material only,2710,1,Yes
2181244,51349110,59,Female,Crime,2572,Auto,No,Material only,2620,2,Yes
1633205,55180854,69,Female,Other driver error,2847,Auto,No,Material and injury,19150,1,Yes
64731883,43870732,40,Female,Other causes,2293,Auto,Unknown,Material only,1700,1,Yes
95376490,84734129,36,Female,Crime,2363,Auto,Unknown,Material only,2220,1,Yes
712637,74125771,40,Female,Other causes,1897,Auto,Unknown,Injury only,22960,1,Yes
82144269,92752945,72,Female,Driver error,2855,Auto,No,Injury only,29070,1,Yes
43899766,37313001,75,Female,Driver error,8260,Auto,Yes,Injury only,16070,1,Yes
33038719,31901813,56,Female,Crime,1517,Auto,No,Material only,1510,1,Yes
84863983,90116936,78,Female,Driver error,3268,Auto,No,Injury only,23270,6,Yes
48203532,82832382,51,Female,Other driver error,1798,Auto,Yes,Injury only,29060,1,Yes
65335963,61811051,30,Female,Other driver error,7,Auto,Unknown,Material and injury,36620,1,Yes
7316152,15556505,33,Female,Crime,2156,Auto,No,Material only,2070,1,Yes
11618248,96710536,36,Female,Other causes,102,Home,Yes,Injury only,19240,1,Yes
30488860,48145523,25,Female,Other causes,1027,Auto,Unknown,Material only,1860,1,Yes
52959889,25709538,24,Female,Other driver error,251,Auto,Unknown,Injury only,15440,1,Yes
4112043,58402470,36,Female,Other causes,406,Auto,Unknown,Material and injury,32710,1,Yes
44581159,86994025,36,Female,Other driver error,4828,Auto,Unknown,Injury only,26480,1,Yes
48559762,45539689,72,Female,Other driver error,4914,Auto,No,Material only,2170,1,Yes
26716334,3159594,66,Female,Other driver error,3259,Auto,No,Injury only,17590,4,Yes
74738950,88449438,31,Female,Other causes,712,Auto,No,Material only,1080,1,Yes
67042211,65950637,48,Female,Driver error,3404,Auto,No,Material only,2970,1,Yes
66578764,2327576,36,Female,Driver error,3094,Auto,No,Material only,2040,5,Yes
30930639,30722353,32,Female,Driver error,748,Home,Yes,Injury only,17180,5,Yes
30119124,31289450,27,Female,Other driver error,426,Auto,No,Material only,2720,1,Yes
45189271,24826193,79,Female,Driver error,1793,Auto,No,Material only,2700,1,Yes
5567478,14860541,44,Female,Other causes,3210,Auto,Unknown,Injury only,14240,4,Yes
50617953,76966088,44,Female,Crime,2268,Auto,No,Material only,1260,1,Yes
71464134,87386775,72,Female,Other causes,4515,Auto,No,Material only,2260,1,Yes
65264962,72556901,73,Female,Other causes,3936,Auto,Yes,Material and injury,32300,2,Yes
66703152,45653252,28,Female,Natural causes,203,Home,No,Material only,1660,1,Yes
75262523,68724494,54,Female,Natural causes,4124,Auto,No,Material only,2150,3,Yes
7883173,50817067,44,Female,Crime,3934,Auto,Unknown,Material only,2460,1,Yes
88126202,16836366,49,Female,Crime,6550,Auto,No,Material only,1140,4,Yes
90714824,32180731,27,Female,Other causes,1147,Auto,Unknown,Material and injury,16040,4,Yes
25647822,74155299,74,Female,Natural causes,10789,Auto,No,Material only,2080,1,Yes
56330119,26168164,57,Female,Natural causes,449,Auto,No,Injury only,38590,3,Yes
18636029,25823938,64,Female,Driver error,2791,Auto,Unknown,Injury only,36180,1,Yes
19132025,14275582,38,Female,Driver error,491,Auto,Unknown,Injury only,28060,1,Yes
21550524,68772598,67,Female,Driver error,10991,Auto,Unknown,Material only,2320,1,Yes
86624780,97640183,71,Female,Driver error,6117,Auto,Unknown,Injury only,29600,1,Yes
2040096,49270675,73,Female,Other causes,5728,Auto,No,Material only,1790,1,Yes
90504509,39495790,18,Female,Driver error,7,Auto,No,Material only,2470,1,Yes
2322087,51503251,33,Female,Driver error,875,Auto,Unknown,Injury only,14330,3,Yes
91841655,16811601,40,Female,Crime,181,Auto,Unknown,Injury only,37200,1,Yes
91210036,48447592,38,Female,Driver error,2987,Auto,No,Material and injury,15920,1,Yes
19333186,16102426,27,Female,Driver error,491,Home,Yes,Material only,2710,1,Yes
84933472,40922947,71,Female,Other driver error,3456,Auto,No,Material only,1180,4,Yes
24499359,32850339,44,Female,Natural causes,3325,Home,No,Material only,1580,1,Yes
97233190,90718937,31,Female,Other causes,66,Home,No,Material and injury,27560,1,Yes
3883877,16868361,34,Female,Driver error,1995,Auto,No,Material only,1400,1,Yes
93075016,90102524,75,Female,Natural causes,7206,Auto,No,Material only,1280,1,Yes
46968996,40744532,54,Female,Other causes,5000,Auto,No,Material and injury,34770,4,Yes
81849371,97698855,62,Female,Natural causes,1821,Auto,Unknown,Material only,1860,1,Yes
6795462,47227042,22,Female,Driver error,272,Auto,No,Material only,2600,4,Yes
98203408,83534777,55,Female,Natural causes,1157,Auto,No,Material only,1680,1,Yes
35620662,7829105,61,Female,Driver error,4945,Auto,No,Material only,2320,1,Yes
67394860,94267201,77,Female,Other driver error,11957,Auto,No,Material only,1590,1,Yes
15859483,5637822,37,Female,Crime,3778,Auto,Unknown,Material only,2170,1,Yes
7238391,684769,27,Female,Other driver error,41,Auto,No,Material only,2920,2,Yes
29078723,68712480,65,Female,Other driver error,3727,Home,No,Material only,1600,1,Yes
59259301,1852191,41,Female,Driver error,2229,Auto,Unknown,Material only,1510,1,Yes
24230142,37692399,31,Female,Driver error,1051,Auto,No,Material and injury,34300,1,Yes
31574995,11321328,24,Female,Driver error,318,Auto,No,Material only,2460,2,Yes
99444306,51782760,42,Female,Other driver error,3159,Home,Unknown,Material only,2790,1,Yes
75651372,76395656,55,Female,Other causes,2147,Auto,No,Material only,1210,1,Yes
2741338,52361996,35,Female,Natural causes,2485,Auto,Yes,Material only,2840,1,Yes
95114918,17242981,36,Female,Crime,2490,Auto,No,Material only,2440,1,Yes
45535513,23236810,45,Female,Driver error,5933,Auto,Yes,Injury only,29960,1,Yes
80169466,76501406,21,Female,Driver error,260,Auto,Unknown,Material only,1970,1,Yes
42474250,56554272,63,Female,Other causes,1107,Auto,No,Material only,2090,1,Yes
66563044,68615132,35,Female,Driver error,471,Auto,No,Material and injury,17670,1,Yes
95437937,55535117,76,Female,Driver error,8549,Auto,No,Material only,1110,1,Yes
59593967,4883976,40,Female,Driver error,1312,Auto,Yes,Material only,1460,1,Yes
96241167,81854267,49,Female,Other driver error,1710,Auto,Unknown,Material only,1850,1,Yes
26104094,29479003,46,Female,Crime,1968,Auto,No,Material only,1160,1,Yes
68533234,53900769,54,Female,Other causes,2207,Home,Yes,Material and injury,33900,2,Yes
25688627,98204426,19,Female,Driver error,8,Home,Unknown,Material only,1550,6,Yes
43680490,63413439,63,Female,Driver error,6119,Auto,No,Material only,1740,2,Yes
82224243,88205124,54,Female,Other causes,4670,Auto,Unknown,Injury only,16460,1,Yes
52339248,40728214,20,Female,Other causes,5,Auto,No,Material only,2590,1,Yes
9476319,65176151,26,Female,Other causes,431,Auto,No,Material and injury,37290,3,Yes
71517858,36994356,48,Female,Natural causes,2695,Auto,No,Material only,2280,1,Yes
87230035,79637521,21,Female,Other causes,245,Auto,Yes,Injury only,16700,1,Yes
96723245,67268123,62,Female,Other driver error,227,Auto,Yes,Material and injury,41280,2,Yes
14024076,53907929,51,Female,Other causes,1452,Auto,Unknown,Material and injury,26620,1,Yes
74762836,86246761,70,Female,Driver error,3877,Auto,Unknown,Material and injury,26520,2,Yes
45953419,33210199,48,Female,Crime,1332,Auto,Yes,Material only,2020,1,Yes
70512969,22756961,74,Female,Driver error,10188,Auto,Yes,Injury only,20310,1,Yes
89056989,63915308,45,Female,Other causes,2977,Home,Yes,Material and injury,18530,1,Yes
40350960,55105666,41,Female,Natural causes,344,Auto,No,Material only,1860,1,Yes
49550528,81131151,54,Female,Other causes,6862,Auto,No,Material only,1920,2,Yes
79446782,18842921,73,Female,Driver error,7381,Auto,No,Material only,2450,1,Yes
172150,98180423,46,Female,Other causes,688,Auto,No,Material only,2810,1,Yes
52442763,53013132,46,Female,Natural causes,2975,Auto,Unknown,Material only,2580,1,Yes
79612650,25263716,76,Female,Other causes,6638,Auto,No,Material only,2470,2,Yes
15605018,64232008,62,Female,Natural causes,5113,Home,No,Material and injury,29690,1,Yes
81628287,89530969,59,Female,Driver error,5221,Auto,No,Material only,2450,1,Yes
35866349,47593672,66,Female,Crime,4932,Auto,Unknown,Material only,1750,1,Yes
41063317,51613922,53,Female,Other causes,463,Home,Unknown,Material and injury,16960,1,Yes
69278872,49078831,40,Female,Natural causes,1430,Auto,No,Material only,1350,1,Yes
49821816,17822846,79,Female,Driver error,2704,Auto,Unknown,Injury only,33200,1,Yes
18497945,24112611,21,Female,Other driver error,26,Auto,No,Material only,2130,1,Yes
31272778,88484945,54,Female,Other causes,4595,Auto,No,Material only,1900,3,Yes
62487868,89965584,32,Female,Driver error,1660,Auto,No,Material only,2810,1,Yes
28520508,10956244,58,Female,Natural causes,5116,Auto,No,Material only,1210,1,Yes
76387485,43059342,66,Female,Natural causes,1633,Home,Yes,Material and injury,38970,1,Yes
92399696,92971270,48,Female,Other driver error,4046,Home,No,Material only,1140,1,Yes
49172000,97578945,67,Female,Other causes,268,Home,No,Material only,2360,1,Yes
27931860,36812401,38,Female,Other driver error,4089,Auto,Yes,Material and injury,14170,1,Yes
38907468,49499786,74,Female,Driver error,2878,Auto,No,Material only,2130,2,Yes
18696197,72734132,45,Female,Driver error,6450,Auto,Yes,Material and injury,34590,1,Yes
26044651,54104008,39,Female,Driver error,2022,Auto,Unknown,Material and injury,23370,3,Yes
11113098,57896280,79,Female,Driver error,10351,Auto,Unknown,Material and injury,30420,1,Yes
71246533,48227038,49,Female,Natural causes,1264,Auto,No,Material only,1570,1,Yes
47371271,38047961,20,Female,Driver error,5,Auto,Yes,Injury only,22440,1,Yes
18736506,73611322,56,Female,Other driver error,4496,Auto,No,Injury only,21620,1,Yes
6683383,25166106,68,Female,Other driver error,11092,Home,Unknown,Injury only,24610,1,Yes
75954328,79953299,66,Female,Other causes,5409,Auto,Yes,Injury only,32680,1,Yes
50921802,15557488,29,Female,Other causes,442,Auto,Yes,Material and injury,20570,3,Yes
21915567,95003008,56,Female,Natural causes,5057,Home,No,Material and injury,31110,1,Yes
26773110,1223130,46,Female,Natural causes,238,Auto,Yes,Injury only,33490,3,Yes
92714665,9884850,22,Female,Driver error,255,Auto,Unknown,Injury only,29630,1,Yes
26836017,59716601,78,Female,Other causes,3464,Home,No,Material only,1020,1,Yes
76290661,4798093,22,Female,Other driver error,7,Auto,No,Material only,1170,1,Yes
84441299,83441824,58,Female,Other driver error,3047,Auto,No,Material only,1630,2,Yes
83266484,41183053,40,Female,Other causes,3255,Home,No,Material only,2060,1,Yes
88595858,64488644,26,Female,Driver error,713,Auto,Yes,Material only,1630,1,Yes
76745088,59793092,67,Female,Other driver error,272,Auto,Yes,Material and injury,40210,1,Yes
72815949,93871985,40,Female,Other driver error,1555,Auto,Yes,Material and injury,16880,3,Yes
88210625,20028254,79,Female,Driver error,3662,Auto,No,Material only,2940,1,Yes
84019248,98341725,24,Female,Crime,401,Auto,Unknown,Material only,2370,1,Yes
21491558,44643972,46,Female,Other driver error,5542,Auto,Yes,Material and injury,41320,5,Yes
61678721,84736814,79,Female,Other driver error,74,Auto,Yes,Material and injury,35800,1,Yes
37251200,15635690,64,Female,Other causes,7209,Auto,Yes,Material only,1630,1,Yes
63446034,83080073,65,Female,Driver error,5781,Auto,Unknown,Injury only,17250,1,Yes
61885886,74018005,73,Female,Driver error,11108,Auto,Unknown,Material only,2090,1,Yes
59248490,33372854,40,Female,Other causes,3205,Auto,No,Material only,2430,1,Yes
11123797,48874120,54,Female,Natural causes,5998,Auto,No,Material only,1700,1,Yes
45511327,61822201,68,Female,Driver error,6046,Auto,Unknown,Material only,1460,1,Yes
23742805,95418400,65,Female,Driver error,5039,Auto,No,Material only,2820,1,Yes
75363719,48960396,68,Female,Driver error,7883,Auto,No,Material and injury,31450,1,Yes
38645599,13275919,62,Female,Natural causes,11527,Auto,No,Material and injury,23450,1,Yes
27334515,62817086,55,Female,Other driver error,3576,Auto,No,Injury only,13710,2,Yes
85427136,85700582,42,Female,Other causes,4947,Auto,Unknown,Material and injury,16100,1,Yes
9552608,81138942,59,Female,Other causes,5333,Auto,Unknown,Material only,2580,1,Yes
39605409,75471328,49,Female,Natural causes,3147,Auto,No,Material and injury,40540,1,Yes
5425817,37365266,53,Female,Natural causes,4279,Auto,No,Material only,1500,2,Yes
91660269,30886345,44,Female,Other driver error,5624,Auto,Unknown,Material only,2950,1,Yes
30877918,20094383,49,Female,Natural causes,4761,Auto,No,Material only,1060,1,Yes
50068657,69473215,25,Female,Driver error,251,Auto,No,Material only,2070,1,Yes
78382965,88072283,46,Female,Other driver error,2046,Auto,Yes,Material and injury,27310,3,Yes
43043341,59389452,71,Female,Other causes,5291,Auto,Yes,Injury only,29480,3,Yes
11023726,56357689,49,Female,Natural causes,1068,Auto,Unknown,Material only,1300,1,Yes
50964524,85532900,54,Female,Driver error,1263,Auto,Yes,Material and injury,25950,3,Yes
64388933,96543902,56,Female,Other driver error,4908,Auto,No,Injury only,30340,1,Yes
81102730,91136016,74,Female,Other driver error,1288,Auto,No,Material only,2710,1,Yes
75276537,89479970,78,Female,Driver error,5880,Home,Yes,Injury only,38890,2,Yes
42320822,73495193,67,Female,Driver error,9960,Auto,Yes,Material and injury,22570,1,Yes
60904942,49889719,62,Female,Natural causes,6184,Auto,Unknown,Material only,1140,1,Yes
75778893,75086948,43,Female,Other causes,1548,Auto,No,Material only,1050,1,Yes
73841612,42238324,26,Female,Driver error,267,Auto,Unknown,Material only,2590,2,Yes
98954923,85641699,27,Female,Crime,760,Auto,No,Material only,1860,1,Yes
49758090,86985275,61,Female,Driver error,1287,Auto,No,Material and injury,40880,1,Yes
2434067,19409505,78,Female,Other driver error,5756,Auto,No,Material only,1550,1,Yes
25838645,36871135,35,Female,Other causes,1587,Auto,No,Material and injury,20230,1,Yes
16726174,62206234,28,Female,Driver error,808,Auto,No,Material only,1670,2,Yes
95997869,7988435,62,Female,Driver error,7223,Auto,Unknown,Injury only,14720,1,Yes
37688457,13687161,34,Female,Driver error,1810,Auto,Unknown,Injury only,16760,1,Yes
32756334,30865015,74,Female,Driver error,8891,Auto,No,Material only,2440,1,Yes
2772210,14604222,24,Female,Driver error,4,Auto,Yes,Material and injury,36350,1,Yes
51377834,54275201,78,Female,Other driver error,2571,Auto,Yes,Material and injury,29530,1,Yes
81369113,24066019,19,Female,Natural causes,4,Home,Yes,Injury only,34970,1,Yes
55881546,64916404,78,Female,Other causes,6082,Auto,No,Material only,2850,2,Yes
49545701,35895205,30,Female,Driver error,486,Auto,No,Material only,2470,3,Yes
96864460,92189103,37,Female,Natural causes,786,Auto,Yes,Injury only,19960,4,Yes
65990433,7304036,39,Female,Natural causes,2254,Auto,No,Material only,1170,1,Yes
52113937,35189306,59,Female,Driver error,4975,Home,Unknown,Material only,1280,1,Yes
48386464,38718320,19,Female,Other causes,4,Auto,Unknown,Injury only,30060,1,Yes
50552317,46691488,49,Female,Other causes,791,Auto,Unknown,Injury only,28230,1,Yes
86644911,56525124,43,Female,Other driver error,1396,Auto,Unknown,Injury only,19320,1,Yes
98940062,59510190,52,Female,Other driver error,4063,Auto,No,Material only,2430,3,Yes
53902986,62935878,30,Female,Other driver error,4,Auto,No,Material only,2370,1,Yes
52239487,27304561,37,Female,Other causes,868,Auto,Unknown,Material and injury,26630,1,Yes
53831649,15821024,47,Female,Driver error,6199,Auto,Yes,Material and injury,14570,1,Yes
55084640,64214144,25,Female,Other causes,1030,Auto,Yes,Material and injury,30230,1,Yes
37576603,25365387,31,Female,Other causes,1481,Auto,No,Material only,1100,2,Yes
97666949,97514735,30,Female,Driver error,1101,Home,No,Injury only,19120,1,Yes
45452522,47730383,27,Female,Other causes,962,Home,Unknown,Material only,1580,1,Yes
32160917,86237725,53,Female,Natural causes,3473,Auto,Unknown,Material only,1530,1,Yes
6313883,47437946,71,Female,Other driver error,5317,Auto,Unknown,Material and injury,27830,2,Yes
62249927,87092295,58,Female,Driver error,956,Auto,No,Material only,2340,1,Yes
27354252,77542074,18,Female,Driver error,4,Auto,No,Material only,2540,1,Yes
24770115,40950499,45,Female,Natural causes,2984,Auto,No,Material only,2790,1,Yes
68461069,30831312,58,Female,Other causes,7508,Auto,Yes,Injury only,20720,1,Yes
80758635,44467758,40,Female,Driver error,246,Home,No,Material only,1460,4,Yes
80523717,45812743,23,Female,Driver error,168,Home,No,Material only,1790,1,Yes
48518912,49531177,69,Female,Driver error,3107,Auto,Unknown,Material only,1040,1,Yes
39795157,7891854,51,Female,Natural causes,4170,Auto,No,Material only,1140,1,Yes
29685287,95560191,56,Female,Other driver error,4349,Auto,Unknown,Injury only,34950,1,Yes
2432409,74888112,21,Female,Other causes,98,Home,No,Material only,2480,1,Yes
3679971,95639188,65,Female,Natural causes,7368,Auto,No,Material only,2840,4,Yes
75950198,18062411,73,Female,Driver error,1097,Auto,Unknown,Material only,1320,1,Yes
19454056,6540338,43,Female,Other causes,1860,Auto,No,Material only,2120,1,Yes
42133867,3124414,57,Female,Natural causes,3811,Auto,Unknown,Material only,1350,2,Yes
78221967,84147642,55,Female,Driver error,1858,Auto,Yes,Injury only,14430,4,Yes
1654210,85357775,70,Female,Driver error,5412,Auto,Unknown,Material only,2510,1,Yes
41779511,53539230,21,Female,Driver error,4,Home,No,Injury only,25040,1,Yes
47786795,47153168,47,Female,Natural causes,2083,Auto,No,Material only,1700,1,Yes
7384155,14478083,61,Female,Natural causes,1480,Auto,Unknown,Injury only,13100,5,Yes
36174604,66521344,64,Female,Natural causes,7463,Auto,No,Material only,2910,1,Yes
91772999,9081175,39,Female,Driver error,629,Auto,Yes,Injury only,34470,1,Yes
91475477,70659819,56,Female,Driver error,2499,Auto,Unknown,Material and injury,36810,1,Yes
67389803,91010066,19,Female,Crime,8,Auto,No,Material only,2460,1,Yes
16637115,69128707,73,Female,Natural causes,8931,Home,No,Material and injury,19040,4,Yes
52826632,83086727,36,Female,Driver error,1796,Auto,No,Material and injury,23940,1,Yes
3487784,97545378,61,Female,Crime,7420,Auto,No,Injury only,33520,1,Yes
75470283,64610623,18,Female,Driver error,4,Auto,Yes,Injury only,35910,3,Yes
48386156,24310771,39,Female,Natural causes,1048,Auto,Unknown,Material only,1210,1,Yes
89665143,25512344,34,Female,Driver error,2262,Auto,No,Material and injury,16380,1,Yes
40283825,9205077,72,Female,Driver error,6568,Auto,Yes,Material and injury,23430,1,Yes
45864951,71462880,63,Female,Crime,4755,Auto,No,Material only,1870,3,Yes
54333327,53886612,73,Female,Driver error,4726,Auto,No,Material only,2270,1,Yes
8199365,5027627,69,Female,Natural causes,2984,Auto,No,Material only,1490,1,Yes
63191774,15000998,54,Female,Driver error,7865,Auto,No,Material only,2340,3,Yes
51408021,8610011,27,Female,Natural causes,110,Auto,No,Material only,2890,1,Yes
90369592,35459498,26,Female,Driver error,2,Auto,No,Injury only,32040,6,Yes
81034754,44866511,31,Female,Other causes,1901,Auto,Yes,Injury only,31240,1,Yes
23669616,14712418,71,Female,Natural causes,6405,Auto,Unknown,Material only,1630,1,Yes
95115617,53981747,36,Female,Driver error,853,Auto,No,Material and injury,21940,1,Yes
37713181,62960627,21,Female,Other causes,37,Auto,No,Injury only,34390,4,Yes
13952273,36780393,68,Female,Natural causes,12816,Auto,No,Material only,2340,1,Yes
4342531,4420575,33,Female,Natural causes,929,Auto,No,Material only,1860,1,Yes
88554136,71496865,52,Female,Natural causes,2607,Auto,No,Material only,2520,1,Yes
41352751,74351418,31,Female,Driver error,742,Auto,No,Material only,2860,1,Yes
78204185,72363234,55,Female,Natural causes,3011,Auto,No,Material only,1500,1,Yes
47463525,41106116,37,Female,Driver error,1000,Home,No,Material only,2830,1,Yes
38818123,57043941,21,Female,Other causes,87,Auto,Yes,Injury only,34490,1,Yes
3271122,17690788,65,Female,Crime,8543,Auto,Yes,Injury only,32180,1,Yes
73337889,50771234,42,Female,Other causes,1007,Auto,Yes,Material only,1020,1,Yes
50234629,33628911,23,Female,Other causes,131,Auto,Yes,Material only,2800,1,Yes
85883302,32791493,52,Female,Driver error,3609,Auto,No,Material only,1630,1,Yes
4549024,99674361,47,Female,Other causes,3305,Auto,No,Injury only,21480,1,Yes
91324155,46995493,57,Female,Driver error,1015,Auto,No,Material only,2520,1,Yes
71690990,8774781,58,Female,Other causes,5910,Auto,No,Material only,1910,1,Yes
6365895,42083486,70,Female,Driver error,2451,Auto,No,Material only,2400,1,Yes
36047584,50561010,51,Female,Other causes,4003,Auto,Unknown,Material and injury,21700,3,Yes
12839560,28999815,65,Female,Crime,4409,Auto,Unknown,Material only,2360,1,Yes
24499037,6563695,42,Female,Other causes,2208,Auto,Unknown,Material and injury,21530,2,Yes
70157199,11429141,45,Female,Other driver error,1549,Auto,Yes,Material and injury,33730,1,Yes
51004428,44821556,21,Female,Crime,88,Home,No,Material only,2740,2,Yes
77750309,85683796,42,Female,Other causes,3025,Auto,No,Material only,1150,1,Yes
94869712,90115956,56,Female,Natural causes,8643,Auto,Yes,Material only,2240,1,Yes
92782162,2476928,61,Female,Driver error,1839,Auto,No,Injury only,22130,1,Yes
6342209,67243661,75,Female,Other driver error,4456,Auto,Unknown,Material only,2250,1,Yes
39476027,62861565,70,Female,Other causes,6906,Auto,Yes,Injury only,19340,1,Yes
24782651,98083459,31,Female,Driver error,2040,Auto,No,Material only,1120,3,Yes
65211499,92644563,34,Female,Other driver error,1248,Auto,Yes,Injury only,18650,1,Yes
47262078,99962061,74,Female,Driver error,6138,Home,No,Material only,2310,1,Yes
25213503,28932369,77,Female,Driver error,12398,Auto,Unknown,Material only,2970,1,Yes
63268932,5864811,36,Female,Crime,1211,Auto,Yes,Injury only,34460,1,Yes
30225075,3955353,39,Female,Other causes,2439,Auto,Unknown,Material and injury,37740,1,Yes
20402933,90876890,60,Female,Driver error,7284,Auto,Unknown,Injury only,13820,1,Yes
67588347,11982472,54,Female,Other driver error,1742,Auto,No,Material only,1640,1,Yes
7014555,33290865,63,Female,Driver error,575,Auto,No,Material only,2550,1,Yes
30981310,95856525,69,Female,Crime,8559,Auto,No,Material only,1120,1,Yes
99553363,8765272,46,Female,Other causes,4072,Auto,No,Material and injury,34200,1,Yes
94540903,77765304,33,Female,Driver error,14,Home,No,Material only,2580,1,Yes
91784109,39035498,64,Female,Other causes,4838,Auto,Unknown,Material only,2540,2,Yes
82709187,5264500,39,Female,Other causes,2498,Auto,Unknown,Injury only,24220,1,Yes
40794953,24769771,19,Female,Driver error,5,Auto,Yes,Material and injury,20380,2,Yes
17672050,22328174,55,Female,Other causes,5757,Auto,Yes,Material and injury,30170,2,Yes
64295256,17774884,75,Female,Other causes,2363,Auto,No,Material only,1370,1,Yes
49968367,22371004,45,Female,Other driver error,634,Auto,Yes,Material and injury,24050,2,Yes
39451048,47585812,34,Female,Other causes,1148,Auto,Unknown,Injury only,33140,1,Yes
35445373,32301965,33,Female,Crime,849,Auto,No,Material only,1310,1,Yes
66768320,16717133,26,Female,Other causes,393,Auto,No,Material only,2740,2,Yes
73088900,2121891,29,Female,Other causes,737,Auto,Yes,Material and injury,32090,1,Yes
23145144,30966603,21,Female,Natural causes,61,Auto,No,Injury only,16870,1,Yes
58812096,39608412,38,Female,Natural causes,1338,Auto,Yes,Material only,2750,1,Yes
85043200,92789408,58,Female,Other driver error,6816,Auto,No,Material only,1170,2,Yes
52747215,63788567,67,Female,Driver error,2270,Auto,No,Material only,1880,1,Yes
7838180,49187813,57,Female,Other causes,1594,Auto,No,Material and injury,16680,1,Yes
10442619,58144347,69,Female,Other causes,2058,Auto,No,Material only,1250,1,Yes
38981784,21330561,64,Female,Other causes,459,Home,No,Material only,2390,1,Yes
72837997,46673697,65,Female,Other causes,2864,Home,No,Material only,1320,2,Yes
18702563,25879319,68,Female,Other causes,4164,Auto,No,Material only,1300,1,Yes
80621400,44003545,33,Female,Crime,1758,Auto,No,Material only,1400,1,Yes
35373453,89737758,34,Female,Other causes,118,Auto,Unknown,Material only,2800,1,Yes
32299665,12377937,20,Female,Driver error,2,Home,Yes,Injury only,14480,1,Yes
27069745,20444141,77,Female,Crime,6201,Auto,Unknown,Material only,1330,5,Yes
89389381,89456333,24,Female,Natural causes,897,Auto,No,Material only,2500,1,Yes
89833967,441174,55,Female,Other causes,2117,Auto,Yes,Material and injury,37040,1,Yes
74884053,86992901,19,Female,Driver error,2,Auto,No,Material only,2500,2,Yes
87951158,72081189,71,Female,Crime,2728,Auto,No,Material only,1730,3,Yes
70338839,8733593,56,Female,Natural causes,1021,Auto,No,Material only,2300,1,Yes
58440601,18426182,41,Female,Other causes,6072,Auto,Yes,Material and injury,21590,1,Yes
14015337,48609622,78,Female,Driver error,2189,Auto,No,Injury only,29530,1,Yes
33062206,42708371,77,Female,Driver error,13471,Auto,No,Material only,2150,1,Yes
33341868,15880296,69,Female,Other driver error,2525,Auto,Yes,Injury only,34200,1,Yes
61586930,9339870,42,Female,Driver error,6081,Auto,No,Material only,2850,1,Yes
44965201,18307454,46,Female,Other causes,2685,Auto,Yes,Material and injury,34210,1,Yes
14547598,50436250,25,Female,Other driver error,384,Auto,Unknown,Material and injury,34530,1,Yes
68295225,28239467,48,Female,Other driver error,3167,Auto,No,Material only,1230,4,Yes
99688755,5237151,67,Female,Driver error,9164,Auto,Unknown,Injury only,19750,5,Yes
11175467,45971404,67,Female,Natural causes,7578,Auto,Unknown,Injury only,32730,1,Yes
64295984,21774359,63,Female,Natural causes,10502,Auto,No,Material only,1320,1,Yes
60583337,93910194,28,Female,Crime,142,Auto,No,Material only,1960,1,Yes
73781222,55401254,62,Female,Natural causes,7935,Auto,Unknown,Material only,1190,1,Yes
37998911,19478968,52,Female,Natural causes,4120,Auto,No,Material only,1910,1,Yes
3877369,72296392,40,Female,Driver error,3034,Home,Unknown,Material only,2110,1,Yes
50804845,93009799,37,Female,Driver error,1487,Auto,Unknown,Material only,1900,5,Yes
93323225,60988026,73,Female,Other driver error,1766,Auto,No,Injury only,36500,1,Yes
8299284,69318052,32,Female,Driver error,1339,Auto,No,Material and injury,30340,1,Yes
77574219,81968647,43,Female,Natural causes,3870,Auto,No,Material and injury,23420,1,Yes
84713554,83223594,56,Female,Other driver error,4585,Auto,Yes,Injury only,30400,1,Yes
4812978,78341270,20,Female,Natural causes,5,Auto,Unknown,Material only,2090,1,Yes
11448079,80905936,45,Female,Other driver error,7552,Auto,No,Material only,1680,1,Yes
88944244,93822383,41,Female,Natural causes,4740,Auto,No,Material only,2940,1,Yes
57389970,50460971,72,Female,Other driver error,8362,Auto,No,Injury only,31740,2,Yes
24456986,45434551,25,Female,Natural causes,369,Auto,No,Material only,2000,1,Yes
1627732,90234561,51,Female,Other causes,1223,Auto,No,Material only,2670,1,Yes
25730120,40801322,33,Female,Driver error,1012,Auto,Yes,Material and injury,26250,1,Yes
86202358,67070126,52,Female,Other causes,6125,Auto,No,Material only,2770,1,Yes
84040379,35594041,79,Female,Other causes,3492,Home,No,Material only,1530,1,Yes
66931206,80002593,79,Female,Natural causes,13862,Auto,No,Material only,1900,3,Yes
15719227,14664919,19,Female,Other causes,4,Auto,No,Material only,2730,1,Yes
61933116,95629008,72,Female,Driver error,8687,Auto,Yes,Injury only,21160,1,Yes
33479842,46076739,71,Female,Driver error,5514,Auto,Unknown,Material only,1690,1,Yes
10494378,87607460,67,Female,Driver error,3790,Auto,Yes,Material and injury,33620,1,Yes
7299602,74633525,20,Female,Other causes,132,Auto,Yes,Material only,2790,3,Yes
43076506,92362235,59,Female,Other driver error,8463,Auto,No,Material only,1200,1,Yes
80228124,41291845,52,Female,Other driver error,5026,Auto,No,Material and injury,20350,1,Yes
74761382,46710788,24,Female,Driver error,3,Auto,No,Material only,1830,1,Yes
85699795,83944180,32,Female,Crime,1344,Auto,Unknown,Material only,2370,1,Yes
4337986,46678661,56,Female,Other driver error,645,Auto,No,Material only,2200,3,Yes
85590612,41128427,59,Female,Other causes,915,Auto,No,Injury only,36670,2,Yes
45780421,24053133,58,Female,Natural causes,4316,Auto,No,Material only,2490,1,Yes
73875244,8310880,55,Female,Other driver error,4770,Auto,Yes,Injury only,35280,2,Yes
1249829,99170265,50,Female,Other driver error,3001,Auto,No,Material only,2260,1,Yes
24713086,40303112,47,Female,Driver error,3176,Home,Yes,Injury only,22440,1,Yes
89085169,62528544,34,Female,Natural causes,76,Auto,No,Material only,2750,1,Yes
46452515,88566911,53,Female,Crime,568,Auto,No,Material only,2430,3,Yes
79750670,3915078,26,Female,Other causes,649,Auto,Unknown,Material and injury,19820,1,Yes
519199,95863530,58,Female,Natural causes,7338,Home,Unknown,Material only,2510,1,Yes
76136370,72212687,69,Female,Crime,899,Auto,No,Injury only,14250,1,Yes
60050681,84861672,47,Female,Natural causes,2183,Auto,No,Material only,1290,1,Yes
12015503,89364916,52,Female,Other causes,5228,Auto,No,Material only,2270,1,Yes
16402998,86164323,52,Female,Other causes,1499,Home,Unknown,Material and injury,15760,1,Yes
26835,37686225,37,Female,Other causes,3310,Auto,No,Material only,1510,1,Yes
86240113,885415,75,Female,Driver error,4104,Auto,No,Material only,2490,2,Yes
78672121,79391380,77,Female,Other causes,13354,Auto,No,Material only,2500,2,Yes
93708814,69101705,19,Female,Driver error,8,Auto,No,Material and injury,29220,3,Yes
89455796,20681544,31,Female,Other causes,1292,Auto,No,Material only,2720,1,Yes
7211853,97226914,58,Female,Other driver error,3293,Auto,No,Material only,2900,2,Yes
4186307,66788329,77,Female,Driver error,2751,Auto,Yes,Injury only,33360,1,Yes
24121112,67697894,26,Female,Other causes,2,Auto,No,Material only,2320,1,Yes
97210540,48445783,51,Female,Other driver error,915,Auto,No,Material only,1000,2,Yes
12612741,74788015,63,Female,Driver error,319,Auto,Unknown,Material only,1450,1,Yes
46839288,45364445,34,Female,Driver error,4268,Auto,No,Material only,2990,1,Yes
63402774,78301189,70,Female,Other driver error,3351,Auto,Unknown,Material only,1370,1,Yes
51060345,91447708,24,Female,Driver error,1119,Auto,No,Material only,1370,1,Yes
87968375,86321079,50,Female,Other driver error,1960,Home,No,Material only,1720,1,Yes
30903412,77134466,28,Female,Other driver error,542,Auto,Unknown,Injury only,28760,1,Yes
30441346,71259399,45,Female,Natural causes,1404,Auto,No,Material only,2110,1,Yes
92741968,78119863,63,Female,Driver error,10756,Auto,No,Material only,1750,1,Yes
65984725,83135632,46,Female,Other driver error,1020,Auto,No,Material only,1240,1,Yes
99300552,91002336,49,Female,Natural causes,4027,Auto,No,Injury only,34010,1,Yes
35521658,93133255,31,Female,Natural causes,815,Home,No,Material only,1480,1,Yes
83884820,71676891,63,Female,Other driver error,3951,Auto,No,Material only,2800,3,Yes
47990207,68067565,18,Female,Driver error,4,Auto,No,Material only,1330,1,Yes
39886039,34756549,47,Female,Natural causes,477,Auto,No,Material only,1690,1,Yes
7180091,608472,24,Female,Crime,382,Auto,No,Material only,2630,1,Yes
67060129,12015925,79,Female,Driver error,11857,Auto,Unknown,Material only,2270,6,Yes
93043472,81634473,20,Female,Other driver error,4,Home,Unknown,Material and injury,31790,1,Yes
45865222,96439049,62,Female,Other causes,3196,Auto,Yes,Injury only,26320,1,Yes
50927169,51033248,19,Female,Driver error,7,Auto,No,Material and injury,30890,2,Yes
43042995,58451567,51,Female,Natural causes,4396,Auto,No,Material only,2420,1,Yes
42636883,26734800,30,Female,Natural causes,1582,Auto,No,Material only,1720,1,Yes
366008,57267330,27,Female,Other driver error,295,Auto,Yes,Material and injury,25140,2,Yes
91946752,8684417,33,Female,Other driver error,788,Home,Yes,Material only,2670,2,Yes
65497759,6104587,70,Female,Natural causes,2749,Auto,Unknown,Material only,1050,1,Yes
14230075,3205274,69,Female,Driver error,4956,Auto,No,Material only,2730,3,Yes
36599585,87596923,76,Female,Driver error,3143,Auto,Unknown,Injury only,33330,2,Yes
28084005,82089927,53,Female,Driver error,728,Auto,No,Material only,2780,1,Yes
91386760,65208898,36,Female,Natural causes,3946,Auto,No,Material only,2290,1,Yes
47457837,6756949,57,Female,Driver error,2570,Auto,No,Material only,2320,3,Yes
22690599,19888190,62,Female,Other driver error,7287,Auto,Yes,Injury only,33080,2,Yes
63226036,61575287,79,Female,Natural causes,2032,Auto,No,Material only,1490,1,Yes
45052106,55466223,20,Female,Driver error,5,Auto,No,Injury only,29010,1,Yes
8475730,75409831,61,Female,Other causes,2171,Auto,No,Material only,1610,3,Yes
33194249,18332771,55,Female,Other causes,713,Auto,Yes,Material and injury,24850,1,Yes